Action,Comedy,Drama,Romance,Thriller
0,0,1,0,1
1,1,0,0,0
0,0,1,0,1
0,0,1,0,0
0,1,1,0,0
0,1,1,0,0
0,1,0,1,0
1,0,0,0,0
0,1,0,0,0
0,0,1,0,0
0,0,1,0,0
1,0,0,0,0
0,1,1,0,0
0,0,0,1,0
0,0,1,0,0
0,0,1,0,0
0,0,1,0,0
0,0,1,1,0
0,1,0,1,0
0,1,0,0,0
1,0,0,0,0
0,0,1,0,1
0,1,0,0,0
0,0,1,0,0
0,0,1,0,0
0,0,1,0,0
1,1,0,0,0
0,0,1,1,0
0,0,1,0,0
1,1,0,0,0
1,0,1,0,0
1,0,0,0,1
0,0,1,0,0
1,0,1,0,0
0,0,0,1,0
0,1,0,0,0
1,0,1,0,1
0,1,1,0,0
0,0,1,0,0
0,0,1,0,0
0,0,1,0,0
0,1,0,0,0
0,0,1,1,0
1,1,0,0,0
0,1,0,0,0
0,0,0,0,1
0,0,1,0,1
0,0,0,0,1
0,1,0,0,0
0,1,0,1,0
0,0,1,0,1
1,1,0,0,0
0,1,0,0,0
0,1,0,0,0
0,1,0,1,0
0,0,1,0,0
1,0,0,0,0
1,1,0,0,0
0,0,1,0,0
1,0,1,0,1
0,0,1,0,1
1,0,1,0,0
0,1,0,0,0
0,0,1,0,0
0,0,1,1,0
0,0,0,1,0
0,0,1,0,0
0,1,0,0,0
0,1,0,0,0
1,0,0,0,0
0,1,0,1,0
1,0,0,0,1
1,0,0,0,0
1,1,0,0,0
0,0,1,1,0
0,0,1,1,0
0,0,1,0,1
1,0,1,0,0
0,0,1,0,0
1,0,0,0,1
0,0,1,1,0
1,0,0,0,1
1,0,0,0,0
0,0,0,0,1
0,1,0,0,0
0,0,0,0,1
1,1,0,1,0
0,0,1,1,0
0,0,1,0,0
1,0,1,0,1
1,1,0,0,1
1,0,0,0,1
0,0,1,0,1
0,1,0,1,1
0,0,1,0,0
0,1,1,1,0
0,0,1,0,1
1,1,0,0,0
0,0,1,0,0
0,1,0,0,0
0,1,1,0,0
0,0,1,1,0
0,0,0,0,1
0,0,1,1,0
1,0,0,0,0
0,1,0,0,0
0,0,1,0,0
0,1,0,0,0
0,0,1,0,1
0,1,1,1,0
1,0,1,0,1
0,0,0,0,1
0,0,1,0,0
0,1,0,0,0
1,0,1,0,1
0,0,1,0,0
0,0,0,1,0
0,1,0,0,0
0,0,1,1,0
0,0,0,0,1
0,0,1,0,1
0,1,0,1,0
0,0,1,0,0
0,0,1,1,0
0,1,0,0,0
0,1,1,1,0
0,1,0,0,0
1,0,1,0,0
0,1,0,1,0
0,1,0,1,0
0,0,1,0,0
0,1,0,0,0
0,0,1,0,0
0,1,0,1,0
1,0,1,0,0
1,0,1,0,1
0,0,1,1,0
1,0,1,0,0
0,1,0,0,0
0,1,1,1,0
0,1,1,0,0
1,0,0,0,1
0,0,1,1,0
0,1,0,0,0
0,0,1,0,0
1,0,0,0,0
0,1,1,1,0
0,0,1,0,1
1,0,0,0,0
1,0,0,0,0
0,0,0,1,0
1,1,0,0,0
1,0,0,0,0
1,0,1,0,0
0,1,0,0,0
0,1,0,1,0
1,0,0,0,1
0,1,0,0,0
1,1,0,0,0
0,0,1,0,0
0,0,1,0,0
0,1,0,0,0
0,0,1,1,0
0,0,1,1,0
0,0,0,0,1
0,0,1,0,1
1,1,0,0,0
0,1,0,1,0
1,1,0,1,0
1,0,1,0,0
0,1,1,0,0
0,0,1,0,1
0,1,0,0,0
0,1,0,1,0
0,1,0,0,0
0,0,0,0,1
1,0,0,0,0
0,1,0,0,0
0,1,0,1,0
0,1,1,0,0
0,1,1,0,0
0,0,1,1,0
0,0,1,0,0
1,0,1,0,0
0,0,1,0,0
0,0,1,0,0
0,1,0,0,0
0,1,0,0,0
1,0,1,0,0
0,0,1,1,0
0,1,1,0,0
0,0,0,1,1
1,1,0,0,0
0,1,0,0,0
1,0,1,0,0
0,1,0,1,0
0,0,0,0,1
0,1,0,0,0
1,0,0,0,1
0,0,1,0,0
0,1,1,1,0
1,1,0,1,0
0,0,0,0,1
0,0,1,0,0
0,1,1,0,0
0,1,1,0,0
0,0,1,0,0
0,0,1,1,0
0,0,0,0,1
0,1,1,0,0
0,1,1,1,0
1,1,0,0,0
0,1,1,1,0
0,1,0,0,0
0,1,0,1,0
1,1,0,0,0
0,0,0,0,1
0,1,0,1,0
0,0,1,0,0
1,0,0,0,1
0,1,0,0,0
1,0,0,0,0
0,0,1,1,0
0,0,1,0,0
0,0,1,0,0
0,1,0,0,0
0,0,0,0,1
0,1,0,0,0
0,0,1,0,0
0,1,0,0,0
0,1,0,0,0
0,1,1,0,0
0,1,1,1,0
0,1,0,1,0
1,0,1,0,1
0,1,1,0,0
0,1,0,1,0
0,0,0,0,1
0,0,1,0,0
0,1,0,0,0
0,0,1,0,1
0,1,0,1,0
1,1,1,0,0
0,0,1,0,1
0,1,0,0,0
0,0,1,0,0
0,0,1,1,0
0,0,1,1,0
0,1,0,0,0
0,1,1,1,0
0,0,1,1,0
0,0,0,0,1
0,1,0,0,0
1,1,0,0,0
0,1,0,1,0
0,0,1,0,0
0,1,0,1,0
1,0,1,0,0
0,1,1,1,0
0,1,1,1,0
0,0,1,0,0
0,0,0,0,1
0,0,1,0,0
0,1,0,1,0
1,0,1,0,0
1,1,0,0,0
0,0,1,0,1
0,0,1,0,0
0,1,0,0,0
0,1,1,1,0
1,0,1,0,1
1,1,0,1,0
1,0,1,0,0
0,1,0,0,0
1,0,1,0,1
0,1,0,1,0
0,1,0,1,0
0,0,1,0,0
0,0,1,0,0
0,0,1,0,0
1,0,1,0,0
0,1,0,0,0
0,0,0,0,1
0,1,1,1,0
0,0,1,0,0
0,1,0,0,0
0,0,0,0,1
0,1,1,0,0
1,0,1,0,0
0,1,0,0,0
0,0,1,1,0
0,1,1,1,0
0,0,1,1,0
0,1,1,0,0
0,1,1,1,0
0,0,0,0,1
0,1,1,0,0
1,0,0,0,1
0,0,1,0,1
0,0,1,0,0
0,1,1,1,0
0,0,0,0,1
0,0,1,0,1
0,0,1,1,1
0,1,0,1,0
0,1,0,1,0
1,0,0,0,1
1,0,1,0,1
0,1,0,0,0
0,0,1,1,0
1,1,0,0,0
1,0,0,0,0
1,0,0,0,1
0,0,1,0,0
0,1,0,0,0
0,0,1,1,0
0,1,0,1,0
0,0,1,0,0
0,0,0,0,1
0,0,1,0,0
0,1,0,1,0
0,1,0,0,0
0,0,1,0,0
0,0,1,0,0
0,0,1,1,0
1,0,0,0,1
0,0,1,1,0
0,1,1,1,0
0,0,1,0,0
0,0,1,0,1
0,0,1,0,0
1,0,1,0,0
1,0,0,0,1
0,1,0,1,0
0,0,0,0,1
1,0,0,0,0
0,0,0,0,1
0,0,0,0,1
0,1,0,1,0
0,0,1,0,1
0,0,1,0,0
1,0,0,0,1
0,1,1,1,0
1,0,1,0,0
0,1,0,0,0
0,1,0,0,0
0,1,0,0,0
0,0,1,0,0
1,1,0,0,0
0,0,0,1,0
0,0,1,0,0
0,0,1,0,1
0,0,1,0,0
1,0,0,0,0
0,1,1,0,0
0,0,0,1,1
0,1,0,0,0
1,0,0,0,0
0,0,0,0,1
0,1,0,0,0
0,1,0,0,0
0,0,1,0,1
0,0,1,0,0
0,0,1,1,0
0,0,1,1,0
0,0,0,1,1
0,0,0,0,1
1,0,0,0,1
0,1,1,1,0
1,0,1,0,0
0,1,1,0,0
0,0,1,1,0
0,1,0,1,0
0,0,1,1,0
1,0,1,0,1
1,0,0,0,0
0,0,1,0,0
0,1,1,0,0
1,0,0,0,0
0,0,1,0,0
0,0,1,0,0
0,0,0,0,1
0,0,1,0,1
0,0,1,0,0
0,1,0,1,0
0,1,1,0,0
0,0,0,0,1
1,0,0,0,0
0,0,1,0,1
0,0,1,0,1
0,1,0,0,0
0,0,1,0,0
0,0,0,1,0
0,1,0,0,0
1,0,0,0,1
1,0,0,0,1
0,0,1,0,0
0,1,0,0,1
0,1,1,0,0
0,1,1,1,0
1,1,0,0,0
1,0,1,1,1
0,0,1,1,0
0,0,1,1,0
1,0,1,0,1
1,0,0,0,1
1,0,0,0,0
0,1,1,0,0
1,0,0,0,0
1,0,1,0,0
0,0,0,0,1
1,0,0,0,0
0,1,0,0,0
0,1,1,0,0
1,0,0,0,0
0,0,1,0,0
1,0,0,0,0
0,0,1,0,0
0,1,0,0,0
0,0,0,0,1
0,1,1,0,0
0,1,0,0,0
0,0,0,0,1
0,1,1,0,0
0,0,1,0,1
1,1,0,0,0
0,0,0,1,0
0,0,1,0,1
0,1,1,1,0
1,0,0,0,1
1,1,1,0,0
0,0,1,1,0
0,1,1,0,0
0,0,1,0,1
1,0,0,0,1
0,0,1,0,0
1,0,1,0,0
0,0,1,1,0
1,0,0,0,0
0,0,1,0,1
0,1,1,1,0
0,0,1,1,1
0,1,1,1,0
0,1,1,0,0
1,0,0,0,0
1,0,1,0,1
0,0,0,0,1
0,0,1,0,0
1,1,0,0,0
0,1,1,0,0
0,0,0,1,0
0,0,0,0,1
0,1,0,0,1
0,1,0,0,0
0,0,1,0,0
1,1,1,0,0
0,0,1,0,0
0,0,1,1,1
0,1,0,0,0
0,0,1,1,1
0,1,0,0,0
1,1,0,0,0
1,0,1,0,1
0,0,0,0,1
0,0,1,0,0
0,0,1,0,1
1,0,0,0,1
1,0,0,0,0
0,0,0,1,0
1,1,0,0,0
0,1,0,1,0
1,1,0,0,0
0,0,0,0,1
1,0,0,0,0
0,0,0,0,1
0,1,0,1,0
0,1,0,0,0
0,0,0,0,1
0,1,0,1,0
1,0,0,1,0
0,0,1,0,0
0,1,1,0,0
1,0,0,0,1
0,1,0,0,0
0,0,1,1,0
0,0,0,0,1
1,0,0,0,1
0,0,1,0,0
0,1,0,0,0
0,1,0,0,0
0,0,0,0,1
0,1,0,0,0
0,1,0,0,0
0,0,0,1,0
0,0,1,0,0
0,1,0,0,0
0,1,0,0,0
0,0,1,0,1
0,1,0,1,0
0,1,1,0,0
0,1,0,1,0
1,1,0,0,1
1,1,0,0,0
0,1,1,0,0
0,0,1,1,0
0,0,1,1,0
1,1,0,0,0
0,1,0,0,0
1,0,0,0,0
0,0,1,0,0
0,1,1,1,0
0,0,1,0,0
0,0,1,0,0
0,1,0,0,0
1,0,0,0,1
0,1,1,0,0
1,1,0,1,0
0,0,1,1,0
1,1,0,0,0
1,1,1,0,0
1,0,0,0,0
1,0,1,0,0
1,0,1,0,0
1,0,0,0,1
0,1,0,1,0
0,0,1,1,0
0,0,1,0,1
0,1,0,0,0
1,0,1,0,0
0,1,1,1,0
0,0,0,0,1
1,0,0,1,1
0,0,0,0,1
1,1,0,1,0
0,0,1,1,0
0,0,1,1,1
0,1,1,0,0
0,0,1,0,1
1,0,0,0,0
0,1,1,1,1
0,1,1,0,1
0,0,1,0,0
0,0,1,0,0
0,1,1,0,0
0,1,0,0,0
0,0,1,0,0
0,1,1,1,0
0,0,1,0,0
0,0,1,0,0
0,0,1,0,0
0,0,0,0,1
1,0,1,0,0
0,0,1,0,0
0,1,1,0,0
0,1,0,0,0
0,0,1,0,0
0,0,1,0,0
0,0,1,0,0
0,1,0,1,0
0,0,1,0,0
0,0,0,0,1
1,0,0,0,1
0,0,1,0,1
0,1,0,0,0
0,0,1,0,0
0,1,0,0,0
0,0,0,0,1
1,0,0,0,0
0,0,1,1,0
0,0,1,0,0
0,1,0,1,0
0,0,1,0,1
1,1,0,0,1
0,0,1,0,0
0,0,0,0,1
0,1,0,0,0
0,0,1,0,0
0,1,0,0,0
1,0,0,0,1
0,1,0,0,0
0,0,0,0,1
0,0,1,0,0
0,0,1,0,1
0,0,0,0,1
1,0,1,0,0
0,1,0,0,0
0,1,0,0,0
1,1,0,0,0
0,1,1,0,0
1,0,1,0,0
0,0,1,1,0
0,1,1,0,0
0,0,1,1,0
1,0,1,0,1
0,1,0,0,0
0,1,1,0,0
0,0,1,0,0
1,0,1,0,1
1,1,0,0,0
0,0,1,0,1
0,0,1,0,0
0,0,0,0,1
0,0,0,1,0
0,1,0,0,0
0,0,1,0,0
0,0,1,1,0
0,0,0,1,0
0,0,0,0,1
0,0,1,0,0
0,0,1,1,0
1,0,0,0,0
1,0,0,0,0
1,1,0,0,0
0,1,1,1,0
0,1,1,0,0
0,1,0,1,0
0,1,0,0,0
0,1,0,0,0
0,1,0,0,0
0,1,0,0,0
0,1,0,1,0
0,0,1,0,0
0,1,1,0,0
1,1,0,0,0
0,0,1,0,0
0,0,0,0,1
0,1,1,1,0
0,1,0,1,0
0,0,1,1,0
0,1,1,0,0
1,0,1,0,1
0,0,1,0,1
0,1,1,0,0
0,1,1,0,0
0,0,0,0,1
0,1,0,0,0
0,1,0,1,0
1,0,1,0,0
0,1,0,0,0
1,0,0,0,0
1,0,0,1,0
1,0,0,0,0
0,0,1,0,0
0,0,0,0,1
0,1,1,0,0
0,0,0,0,1
0,0,1,1,0
0,1,0,0,0
1,0,1,0,0
1,0,1,0,1
0,1,0,0,0
0,0,1,0,1
1,0,0,0,1
0,1,0,0,0
0,1,0,1,0
0,1,0,0,0
0,0,1,1,0
1,0,1,0,1
0,0,0,1,0
0,1,0,0,0
0,0,1,0,1
0,1,0,1,0
0,0,1,0,0
1,1,0,0,0
0,0,1,0,0
0,0,1,0,0
0,1,0,0,0
0,1,1,0,0
1,0,0,0,1
0,0,1,0,0
0,0,1,0,0
0,0,1,0,1
1,0,0,0,0
0,1,0,0,0
1,0,0,0,1
0,0,1,1,0
0,1,0,0,0
0,1,0,0,0
0,1,0,0,0
0,1,0,0,0
0,1,0,0,0
0,0,1,0,1
1,0,0,0,0
0,0,1,1,0
1,0,0,0,0
0,1,1,0,0
0,0,0,0,1
0,1,0,0,0
0,1,0,0,0
0,1,1,0,0
0,1,1,0,0
1,0,0,0,1
0,0,1,0,0
1,0,1,0,0
0,1,0,0,0
1,1,0,0,0
0,1,0,1,0
1,0,1,1,0
0,1,0,0,0
0,0,1,0,1
0,0,1,0,0
1,1,0,0,1
0,0,1,0,1
1,1,0,0,0
1,0,1,0,0
0,0,0,0,1
1,0,1,0,0
0,0,1,0,0
0,1,0,0,0
0,0,1,0,0
0,0,0,1,1
0,1,1,1,0
0,0,1,0,0
0,1,0,0,0
1,1,0,0,0
0,1,1,1,0
0,0,1,0,1
0,1,0,1,0
0,1,1,1,0
0,0,1,0,0
0,1,0,1,0
0,1,0,0,0
0,0,1,1,0
0,1,0,1,0
0,1,0,0,0
0,1,1,0,0
0,0,1,1,0
1,0,1,0,1
0,1,0,0,0
0,1,0,0,0
0,1,0,0,0
0,0,1,0,0
0,0,1,1,0
1,0,1,0,0
1,0,1,0,0
1,0,0,0,0
1,1,0,0,0
0,0,0,0,1
0,1,1,0,0
0,0,0,0,1
0,0,1,0,0
0,0,1,1,0
0,1,0,0,0
1,0,0,0,1
0,0,1,0,0
0,1,0,1,0
0,1,0,0,0
1,0,0,0,1
0,0,1,0,0
0,0,1,0,0
0,0,1,1,0
0,0,0,0,1
1,0,0,0,0
0,0,0,0,1
1,1,0,0,0
0,0,1,1,0
0,0,1,1,0
0,0,1,0,1
1,1,0,0,0
0,0,1,1,0
1,0,0,0,1
0,0,1,0,0
1,0,1,0,0
0,0,1,0,0
0,1,0,1,0
0,1,0,0,0
0,0,0,0,1
0,1,1,0,0
0,1,0,1,0
0,0,0,0,1
0,0,1,0,1
1,1,0,0,0
0,0,0,0,1
0,1,1,0,0
1,1,0,1,0
1,0,0,0,1
1,1,0,0,1
0,0,1,1,0
0,0,1,1,0
0,1,1,0,0
0,0,1,0,0
0,0,0,0,1
0,1,1,1,0
0,0,1,0,0
0,1,0,0,0
0,0,1,1,0
0,0,1,0,1
1,0,0,0,1
0,0,1,0,0
0,0,1,0,0
0,0,1,0,1
1,0,1,0,0
0,1,1,0,0
1,0,1,0,1
0,1,1,1,0
1,0,0,1,1
1,0,0,0,0
1,0,0,0,0
1,1,0,0,0
0,1,0,1,0
1,0,1,0,0
0,0,1,0,0
1,0,1,0,1
0,0,1,0,1
0,1,0,0,0
1,1,0,0,0
1,0,0,0,1
1,0,0,0,0
0,0,0,0,1
0,0,1,0,0
0,1,1,0,0
0,0,1,0,0
0,0,1,0,1
1,0,0,0,0
1,0,1,0,1
1,0,0,0,0
0,1,0,0,1
0,1,0,0,1
0,1,0,0,0
0,1,1,0,0
1,0,1,0,0
0,1,1,0,0
1,0,0,0,1
0,0,1,0,0
0,0,0,0,1
0,1,1,0,0
1,0,0,0,1
0,1,1,0,0
0,0,1,1,1
0,1,1,0,0
1,0,1,0,1
0,0,1,0,0
0,0,1,0,0
0,0,1,0,0
0,1,0,0,0
1,0,1,0,1
0,1,1,0,0
0,1,0,0,0
0,1,0,0,0
0,0,0,0,1
0,1,1,0,0
0,0,0,0,1
0,0,0,0,1
0,1,1,0,0
0,1,0,0,0
0,0,1,0,0
0,1,0,0,0
0,0,1,0,0
1,0,0,1,0
0,0,1,1,0
0,0,0,0,1
0,1,0,0,0
0,0,1,0,0
1,1,0,0,0
1,0,0,0,1
0,1,1,0,1
0,1,1,1,0
0,1,0,0,0
1,0,0,0,1
0,1,0,1,0
0,1,0,0,0
1,1,0,0,0
0,1,0,0,0
1,0,1,0,0
0,0,1,0,0
0,0,1,1,0
0,1,1,0,0
1,0,1,0,0
0,0,1,0,0
0,1,0,0,0
1,1,0,0,1
0,1,0,0,0
1,0,0,0,0
1,0,1,0,1
0,1,0,0,0
0,0,1,0,0
0,1,0,0,0
0,0,1,1,0
1,0,0,0,1
0,0,1,0,0
1,0,1,0,0
0,0,1,0,0
0,1,0,0,0
1,1,1,0,0
0,1,1,0,0
0,0,1,0,0
0,1,0,1,0
0,1,0,1,0
0,1,0,0,0
0,0,1,0,0
0,1,0,0,0
0,0,1,0,0
0,0,1,0,0
0,0,1,0,0
0,0,1,1,0
0,1,0,0,0
0,0,1,0,0
0,0,1,0,0
0,0,0,0,1
0,1,0,0,0
1,0,1,0,1
1,1,0,0,0
0,1,0,0,0
1,0,0,0,1
0,0,1,0,0
0,0,1,0,0
0,1,0,0,0
1,0,1,0,0
0,1,0,0,0
0,0,1,1,0
0,0,1,0,0
0,0,1,0,1
0,0,1,0,0
0,1,0,1,0
1,0,1,0,0
0,1,0,0,0
1,0,0,0,0
1,0,0,0,1
0,0,1,0,0
0,0,1,0,0
0,0,0,0,1
0,1,0,0,0
1,1,0,0,0
0,0,1,0,1
0,0,1,0,0
1,1,0,0,0
0,1,1,0,0
1,1,0,0,0
0,0,0,0,1
0,1,0,1,0
0,0,1,0,0
1,0,0,0,1
1,1,0,0,1
0,1,0,1,0
0,0,1,0,0
0,1,1,0,0
0,1,0,0,0
0,1,1,0,0
1,1,0,0,0
0,1,0,0,0
0,0,1,0,0
1,0,1,0,1
0,0,1,0,0
0,0,0,1,1
1,1,1,0,0
0,0,1,0,0
1,0,1,0,0
0,1,1,0,0
0,0,1,0,0
0,1,0,1,0
0,1,0,0,0
0,0,1,1,0
0,1,0,0,0
0,0,1,0,1
0,0,1,1,0
0,1,0,0,0
0,0,1,1,0
0,1,0,0,0
0,0,1,1,0
0,0,1,0,0
0,1,1,0,0
0,1,0,0,0
0,1,0,0,0
0,1,0,0,1
0,0,0,0,1
0,1,1,1,0
1,1,0,0,0
0,0,1,0,0
0,0,1,0,0
0,0,1,0,1
1,0,0,0,0
0,0,1,0,1
0,0,1,0,0
0,1,0,0,0
0,0,1,0,0
0,1,0,1,0
0,0,1,1,0
1,0,0,0,1
0,0,1,0,1
1,1,0,1,0
0,1,0,0,0
0,1,1,0,0
1,0,0,0,0
1,0,0,0,1
1,0,1,0,0
1,0,1,0,1
0,0,0,1,0
0,1,1,0,0
0,0,1,1,0
0,1,1,1,0
0,0,1,1,1
1,0,1,0,0
1,0,1,0,0
0,0,0,0,1
0,0,1,0,1
1,1,0,0,0
0,0,1,0,0
1,0,1,0,0
0,1,0,1,0
0,1,0,0,0
0,1,0,0,0
0,1,1,0,0
0,1,0,0,0
0,0,1,1,0
0,0,1,0,1
0,0,0,0,1
0,1,0,1,0
0,0,1,0,0
0,0,1,1,0
1,0,1,0,1
0,0,1,0,0
0,1,1,0,0
0,0,1,1,0
0,0,1,0,0
1,0,0,0,0
1,0,1,0,0
0,1,0,0,0
0,1,0,0,0
0,1,0,0,0
0,1,1,0,0
0,0,1,0,1
0,0,0,0,1
0,1,0,0,1
0,0,1,1,0
0,1,0,0,0
0,0,0,0,1
0,1,1,0,1
0,1,1,0,0
0,0,1,0,0
0,0,1,0,0
0,0,0,0,1
1,0,0,0,1
0,0,1,0,0
0,0,1,0,0
0,0,1,0,0
0,0,1,0,1
1,0,0,0,1
0,0,1,0,0
0,0,1,0,1
1,0,0,0,0
0,0,1,1,0
0,0,0,0,1
0,1,1,0,0
0,0,1,0,0
0,0,1,1,0
0,0,1,0,0
1,1,0,0,1
0,1,0,0,0
0,0,1,0,0
0,0,1,0,0
0,0,1,0,1
1,1,0,0,0
0,0,0,0,1
0,0,1,0,0
0,0,1,0,0
1,0,0,0,0
0,0,1,0,0
1,0,0,0,1
1,0,0,0,0
0,0,1,1,0
0,0,1,0,1
0,1,0,0,1
1,0,0,0,1
0,0,1,0,1
0,0,1,0,0
0,0,1,0,0
0,0,1,0,1
0,1,1,1,0
1,0,1,0,0
1,0,0,0,1
0,0,1,0,0
0,1,0,0,0
0,0,1,1,0
1,0,1,0,1
0,1,1,0,0
0,0,1,0,0
0,0,0,0,1
1,0,0,0,1
0,0,0,0,1
0,1,0,0,0
0,1,0,0,0
0,0,0,0,1
0,1,0,0,0
0,1,0,0,0
1,0,0,0,0
0,1,0,1,1
0,1,0,0,0
0,0,1,0,0
0,0,1,1,0
0,0,1,0,0
0,1,1,0,0
0,0,1,0,0
1,0,0,0,0
0,1,1,0,0
0,1,0,0,0
0,0,1,0,0
0,1,0,1,0
0,0,0,1,0
1,0,0,0,0
1,0,0,0,1
0,1,0,0,0
0,0,1,0,0
0,0,1,0,0
0,1,0,0,0
0,0,1,0,1
0,0,1,0,0
0,0,1,1,0
0,1,0,1,0
1,0,0,0,1
0,1,0,0,0
0,1,1,0,0
0,1,1,0,1
0,0,1,1,0
0,1,1,1,0
0,0,1,0,0
0,0,0,1,0
0,0,0,0,1
1,0,0,0,1
0,0,1,0,0
1,0,0,0,1
1,1,0,0,0
0,0,1,1,0
0,0,1,0,1
0,1,0,0,0
0,0,1,0,0
0,0,0,1,0
1,0,1,0,0
0,1,1,1,0
1,1,0,1,0
0,0,1,0,0
0,1,0,0,0
0,1,1,0,0
0,0,1,0,1
0,0,1,1,0
0,0,0,0,1
0,0,1,0,0
0,0,1,0,0
0,0,1,0,0
0,0,1,0,1
0,0,1,0,0
0,1,0,1,0
1,0,0,0,1
0,1,1,0,0
1,0,0,1,0
0,0,1,0,1
0,1,0,0,0
0,1,0,1,0
0,0,1,0,0
0,1,0,0,0
0,0,1,1,0
0,0,1,0,0
0,0,1,0,0
0,1,0,1,0
0,0,1,0,0
1,0,1,0,1
0,1,1,1,0
0,0,1,0,1
1,0,0,0,1
0,1,0,1,0
1,1,0,0,0
0,0,1,0,0
1,1,0,0,0
1,0,1,0,0
0,1,0,0,0
1,0,0,0,0
0,0,1,1,0
1,0,1,0,0
0,0,1,0,0
0,1,0,1,0
0,0,1,0,1
0,1,0,0,0
1,0,0,0,0
0,0,1,0,1
0,0,1,0,0
0,1,1,1,0
0,1,1,0,0
0,0,1,0,1
0,1,0,0,0
0,1,1,0,0
1,1,0,0,1
0,0,1,0,0
0,0,1,1,0
1,0,1,0,1
0,0,0,0,1
1,0,1,0,0
1,0,1,0,0
0,1,0,0,0
0,0,1,0,0
0,1,0,0,0
0,1,0,0,0
0,0,1,0,0
0,1,0,0,0
0,0,1,0,1
0,1,0,0,0
0,1,0,0,0
0,0,0,0,1
0,0,1,0,0
1,1,0,0,1
1,1,0,0,1
0,0,1,1,0
0,1,0,0,0
1,0,0,0,1
1,0,1,0,1
1,0,1,0,1
0,0,1,1,0
0,0,0,0,1
0,0,1,0,0
1,0,1,1,1
0,1,0,0,0
1,0,0,0,1
0,1,1,0,0
0,0,1,1,0
0,0,1,0,0
0,0,0,0,1
0,1,1,0,0
1,0,0,0,0
1,0,0,0,1
0,1,0,0,0
1,1,0,1,0
0,0,1,1,0
1,1,0,0,0
1,1,0,0,0
0,0,0,0,1
0,1,0,0,0
0,1,1,0,0
0,1,0,0,0
1,0,0,0,1
0,1,0,1,0
0,0,1,0,0
1,0,1,0,0
0,0,1,1,0
0,1,0,0,0
1,0,0,0,1
0,0,1,0,0
0,1,1,1,0
0,1,0,0,0
1,0,1,0,1
0,0,1,0,1
0,0,1,1,0
0,0,1,0,0
0,1,1,0,0
0,0,0,0,1
0,0,1,1,0
1,0,0,0,1
0,1,0,1,0
0,0,1,0,0
1,1,1,0,1
0,0,1,0,0
0,0,1,1,1
1,0,0,0,0
0,1,0,1,0
0,1,0,0,0
0,0,0,0,1
1,0,0,0,0
1,1,0,0,0
0,0,1,0,0
0,0,1,0,0
0,1,0,0,0
0,0,1,0,1
0,1,1,0,0
0,0,1,0,0
0,1,0,0,0
0,1,0,0,0
0,1,1,0,0
0,1,0,0,0
1,0,1,0,0
0,1,1,1,0
0,0,0,0,1
0,1,0,0,0
0,0,1,0,0
0,0,1,0,0
0,0,1,0,0
1,1,0,0,0
0,1,0,0,0
0,0,1,0,0
0,0,1,0,0
0,1,1,1,0
0,0,1,0,1
0,0,0,0,1
0,0,1,1,0
1,0,1,0,1
1,1,0,0,0
0,0,1,0,0
0,1,1,0,0
1,0,0,0,1
0,1,0,0,0
0,0,1,1,0
0,0,0,0,1
0,0,1,1,1
0,1,1,0,0
0,1,1,1,0
0,1,1,0,0
1,0,0,0,0
0,1,0,0,0
0,0,1,1,1
1,0,0,0,1
0,0,1,0,0
0,0,1,1,0
1,1,0,0,0
0,0,1,0,0
1,1,0,0,0
1,1,0,0,0
0,0,1,0,0
1,1,0,0,0
0,0,1,0,0
0,0,1,0,1
0,1,0,1,0
1,0,0,0,0
1,0,1,0,0
0,1,0,0,0
0,1,1,0,0
0,0,1,0,0
0,1,1,1,0
1,0,0,0,0
0,0,1,1,0
0,1,0,0,0
0,0,0,1,0
0,1,0,0,0
0,0,0,0,1
0,1,0,1,0
0,1,0,1,0
0,0,1,1,1
0,1,0,0,0
1,0,0,0,1
0,1,1,0,0
0,0,1,1,0
0,1,1,0,0
0,0,1,0,0
0,1,0,0,0
0,0,1,0,0
0,0,1,0,0
0,0,1,0,0
0,1,0,0,0
1,0,0,0,0
0,0,1,0,0
0,0,1,0,0
0,1,0,0,0
1,0,0,0,1
0,1,1,1,0
0,0,1,0,0
0,1,1,0,0
0,0,1,0,0
1,0,0,0,1
0,1,0,0,0
0,1,0,0,0
0,0,1,0,0
0,0,1,0,0
0,0,1,0,0
0,0,1,0,1
0,1,1,0,0
0,1,1,1,0
0,0,1,0,0
0,1,0,0,0
1,1,0,0,1
0,0,0,0,1
0,1,0,1,0
0,1,1,0,0
0,1,1,0,0
0,0,1,0,0
0,0,0,0,1
1,0,0,0,1
0,1,0,0,0
0,0,1,0,1
0,1,0,0,0
1,0,0,0,0
1,0,0,0,1
1,0,0,0,1
1,1,0,0,0
1,1,0,1,0
0,0,1,0,0
1,0,1,0,1
0,0,1,0,1
1,0,0,0,0
1,0,0,0,0
1,0,1,0,1
0,0,1,1,0
1,0,0,0,1
0,1,0,0,0
0,1,0,0,0
0,1,0,0,0
0,0,1,0,0
0,0,1,0,0
0,1,0,1,0
0,0,1,0,0
0,0,0,0,1
1,1,0,0,0
0,1,1,0,0
1,0,0,0,1
0,0,0,1,1
0,0,0,1,0
0,1,0,0,0
1,0,0,0,0
0,0,1,0,0
0,0,1,1,0
0,0,1,1,0
0,1,0,0,0
0,0,1,0,0
0,1,1,1,0
1,1,0,0,1
0,1,1,1,0
0,0,1,0,0
0,0,1,1,0
1,0,0,0,1
0,0,1,1,0
0,1,0,0,0
0,1,0,0,0
0,0,0,0,1
0,0,0,0,1
0,0,1,0,0
0,1,0,0,0
0,0,1,0,1
0,0,1,1,0
0,0,0,0,1
0,0,0,1,1
0,1,0,1,0
0,0,1,0,0
0,0,0,0,1
1,1,0,0,0
0,1,0,0,0
0,0,0,0,1
0,0,1,0,1
0,0,1,0,0
0,0,0,0,1
0,0,1,0,0
0,0,1,0,0
0,0,1,0,1
0,1,0,0,0
0,1,0,0,0
0,1,0,0,0
1,0,0,0,1
0,0,1,1,0
0,0,0,0,1
0,0,1,0,0
0,0,1,1,0
0,1,0,1,0
0,0,1,0,0
0,0,0,0,1
1,0,0,0,0
1,1,0,0,0
0,1,0,0,0
1,0,1,0,0
0,0,1,1,0
0,0,0,0,1
0,1,1,0,0
0,0,1,1,0
0,0,1,0,0
0,0,0,0,1
1,0,0,0,1
0,0,1,1,0
0,1,1,0,0
0,1,0,0,0
0,0,1,1,0
0,0,1,0,0
1,0,0,0,1
0,1,0,0,0
0,1,0,0,0
1,0,0,0,0
0,0,1,0,0
0,1,1,0,0
1,0,1,0,1
0,0,0,0,1
0,0,1,0,0
1,0,0,0,1
1,0,1,0,1
0,1,0,0,0
0,1,1,1,0
1,1,0,0,1
1,0,1,0,0
0,0,1,1,0
0,0,1,1,1
0,1,1,0,0
0,0,1,0,0
0,0,0,0,1
0,0,0,0,1
0,1,0,0,0
0,1,0,1,0
0,1,0,0,0
0,0,1,1,0
1,0,1,0,0
1,0,0,0,0
0,0,1,0,0
0,0,0,0,1
0,0,1,0,0
0,0,1,0,0
0,1,0,0,0
0,1,1,0,0
0,0,1,0,0
0,1,0,0,0
0,0,1,0,0
1,1,0,0,1
0,0,0,1,0
1,0,0,0,1
1,0,0,0,0
1,0,0,0,1
0,0,1,1,1
0,0,1,0,1
1,0,0,0,0
0,0,1,0,1
0,0,1,0,0
0,0,1,0,0
0,1,1,0,0
0,1,0,0,0
0,0,1,1,0
0,0,1,0,0
0,0,1,0,0
0,0,1,0,1
0,1,1,1,0
1,0,0,0,1
0,0,0,0,1
0,0,1,1,0
0,1,0,1,0
0,0,1,1,0
0,1,1,0,0
1,0,0,0,1
1,0,0,0,0
1,0,1,0,0
0,0,1,0,0
1,1,1,0,0
0,1,1,0,0
1,0,0,0,0
0,1,1,0,0
0,0,1,0,0
0,0,1,1,0
0,0,1,1,0
1,0,1,0,0
0,0,1,0,0
0,1,1,0,0
1,1,0,1,1
0,0,1,0,1
0,1,0,0,0
0,0,1,0,0
0,0,1,0,1
0,1,0,0,0
0,1,0,0,0
0,0,1,1,0
0,1,1,0,0
1,1,0,0,0
0,1,1,1,0
1,0,0,0,1
0,1,1,0,0
1,0,0,0,1
1,0,0,0,1
0,0,1,1,0
0,0,1,1,0
1,0,1,0,0
0,0,1,1,0
1,0,0,0,0
0,0,1,0,1
0,0,1,1,1
0,0,1,1,0
0,1,0,0,0
0,0,1,1,0
1,0,0,1,0
1,0,0,0,1
1,0,1,0,1
0,0,1,0,1
0,0,1,0,0
1,0,0,0,1
0,0,1,0,0
0,1,0,0,0
0,0,1,0,1
0,0,1,0,0
0,0,1,0,1
1,0,0,0,0
0,1,0,0,0
0,0,1,1,0
0,0,1,0,0
0,0,1,1,0
1,0,1,0,0
0,1,0,0,0
0,0,1,0,0
1,1,0,0,0
1,0,0,0,0
0,1,0,1,0
1,0,1,0,0
1,0,0,0,0
1,0,0,1,1
0,1,0,0,0
0,1,0,1,0
0,0,1,0,1
1,0,1,0,1
1,0,0,0,0
0,1,1,0,1
0,0,0,0,1
0,0,1,0,0
0,0,1,1,0
1,0,0,0,0
0,0,1,0,0
0,0,1,1,0
0,1,1,1,0
0,0,1,0,0
0,0,1,1,0
0,0,0,1,1
0,1,1,0,0
0,0,1,0,0
1,0,0,0,1
0,0,1,0,1
0,0,1,1,1
0,0,0,0,1
1,0,1,0,0
1,0,0,0,0
0,1,0,1,0
0,1,0,0,0
1,0,0,0,1
0,0,1,1,0
0,1,0,1,0
1,0,1,0,1
0,0,1,0,0
0,0,1,0,0
0,0,1,0,0
0,1,0,1,0
0,0,1,0,0
0,0,1,0,0
0,1,0,0,0
1,0,0,0,1
0,0,1,0,1
0,0,0,0,1
0,1,1,0,0
0,1,0,0,1
0,1,1,0,0
0,1,1,0,1
0,1,0,0,0
0,1,0,0,0
1,0,0,0,0
0,0,1,1,0
0,0,1,1,1
0,0,1,0,0
0,1,0,0,0
0,0,0,0,1
0,0,1,0,0
1,0,1,0,0
0,0,0,0,1
0,1,1,1,0
0,1,0,0,1
1,0,1,0,0
0,0,1,0,0
0,1,0,0,0
0,1,1,1,0
0,0,1,0,0
0,0,0,0,1
1,0,0,0,0
0,0,1,0,0
1,0,1,0,0
0,1,1,0,0
0,1,1,0,0
0,0,1,0,0
0,1,0,1,0
0,0,0,0,1
1,0,0,0,1
0,1,1,1,0
0,1,0,0,0
1,0,0,0,1
1,0,1,0,0
0,0,1,0,0
0,0,1,1,0
0,0,1,0,0
0,0,1,0,1
0,1,0,0,0
1,0,0,0,0
0,0,0,0,1
0,1,0,0,0
0,0,1,0,0
0,0,1,1,0
1,0,0,0,0
0,0,1,0,0
0,1,0,1,0
0,0,1,0,1
0,0,1,0,0
0,0,1,0,0
0,1,0,0,1
1,0,1,0,0
0,0,1,0,0
0,1,0,0,0
0,0,1,0,0
1,0,0,0,0
0,1,1,1,0
1,1,0,0,0
0,0,1,0,0
0,1,1,0,0
1,0,0,0,1
1,0,1,0,1
0,0,1,0,0
1,0,0,0,0
0,1,0,0,0
0,0,1,0,0
0,1,1,0,0
1,0,0,0,0
1,0,0,0,0
0,1,1,1,0
1,0,1,0,0
0,1,0,0,0
0,1,0,0,0
0,0,1,0,0
0,1,0,0,0
1,0,0,0,0
0,0,0,0,1
0,1,0,0,0
0,1,0,0,0
0,1,0,0,0
0,0,0,1,1
1,0,1,0,0
0,0,1,0,0
0,0,1,0,0
0,1,0,0,0
1,0,1,0,0
0,0,1,1,0
0,1,1,1,0
1,0,0,0,1
0,0,1,0,0
0,1,0,0,0
0,0,1,1,0
0,1,1,1,0
0,0,1,0,1
0,1,0,0,0
1,0,1,0,0
1,0,1,0,0
0,0,0,0,1
0,0,1,0,0
0,0,1,0,1
0,0,1,0,0
1,0,0,0,0
0,1,0,0,0
0,1,0,0,0
0,1,1,0,0
0,1,0,0,0
0,0,0,0,1
0,0,0,0,1
0,0,1,0,0
0,0,1,1,0
0,0,1,0,1
0,0,1,1,0
0,1,1,1,0
0,0,0,0,1
0,1,0,0,0
0,1,0,1,0
0,0,1,1,0
0,0,1,0,0
0,0,1,0,0
0,1,0,0,0
1,0,1,0,1
0,0,1,0,0
0,0,1,0,0
0,1,1,0,0
0,1,0,0,0
0,0,1,1,0
0,1,1,0,0
0,0,1,0,0
0,0,1,1,0
0,1,0,0,0
0,0,1,1,0
0,1,0,0,1
1,1,0,0,0
0,0,1,1,0
1,0,0,0,1
0,1,0,1,0
0,1,1,1,0
0,0,1,0,1
0,0,1,0,0
0,0,1,1,0
0,0,1,0,0
0,0,1,1,0
0,0,1,0,0
0,0,0,1,0
0,1,0,1,0
1,0,0,0,0
0,0,1,1,0
1,0,0,0,1
0,0,1,0,0
0,1,0,0,0
1,0,0,0,0
1,0,0,0,0
0,0,1,0,1
1,1,0,0,0
0,0,1,0,0
1,0,0,0,1
1,1,0,0,0
0,0,0,0,1
0,0,1,1,0
0,0,1,1,0
0,0,1,0,0
0,0,1,0,0
0,1,0,1,0
0,0,0,0,1
1,0,0,0,1
0,1,0,1,0
1,0,1,0,0
1,1,0,0,0
0,0,0,0,1
1,0,1,0,1
0,0,0,1,0
0,0,1,0,0
0,0,0,0,1
0,0,1,0,1
0,1,0,0,0
1,1,0,0,0
0,0,0,1,1
0,0,1,0,0
0,1,0,0,0
0,1,1,0,0
1,0,1,0,0
1,0,1,0,1
0,0,1,0,1
0,0,1,1,0
0,0,0,0,1
0,1,0,1,0
0,0,1,0,0
0,0,1,1,0
0,0,1,0,0
0,1,0,0,0
0,0,1,1,1
0,0,1,0,1
0,1,1,1,0
1,0,0,0,0
0,0,1,0,0
0,0,1,0,0
0,1,0,1,0
0,1,0,0,0
1,0,0,0,0
1,0,0,0,0
0,0,1,0,0
0,0,1,0,1
0,0,1,0,0
0,0,1,1,0
1,0,0,0,0
1,1,0,0,0
0,0,1,0,0
0,0,1,0,0
0,0,1,1,0
1,0,1,0,0
1,0,1,0,0
0,1,0,0,0
0,1,0,0,0
1,0,0,0,0
0,1,1,0,0
0,1,0,1,0
0,1,0,1,0
1,0,0,0,0
1,0,1,0,0
0,1,1,0,0
0,1,0,0,0
1,0,1,0,0
0,0,0,0,1
1,0,0,0,1
0,1,0,0,0
0,0,1,1,0
0,0,1,1,0
0,0,1,1,0
0,0,1,1,0
0,0,1,0,1
0,1,0,0,0
0,1,0,0,0
0,1,0,0,0
0,1,1,0,0
0,1,0,0,0
0,1,1,1,0
0,0,1,0,1
0,1,0,0,0
0,1,0,1,0
0,0,1,0,1
0,0,1,0,0
1,0,0,0,0
1,1,0,0,1
0,1,0,1,0
1,0,0,0,1
0,0,1,0,0
0,1,0,0,0
0,0,1,0,0
0,1,1,0,0
0,0,1,0,0
1,0,0,0,1
0,0,1,1,0
0,0,0,0,1
0,0,1,1,0
0,1,0,0,0
1,0,0,0,1
0,1,1,0,0
0,0,0,0,1
0,0,1,0,1
0,0,1,0,0
0,0,0,0,1
1,0,0,0,0
0,1,0,1,0
1,0,1,0,0
0,0,1,1,0
1,0,1,0,1
0,1,1,1,0
0,0,1,0,1
0,0,1,0,0
0,0,1,1,0
0,1,1,0,0
0,0,1,0,0
0,0,1,0,1
1,0,1,1,0
0,1,0,0,0
1,1,0,1,1
1,1,0,0,0
1,0,0,0,0
0,0,0,0,1
1,0,0,0,0
0,0,1,0,0
0,1,1,1,0
0,1,0,0,0
0,0,0,0,1
0,0,1,0,1
0,1,0,0,0
0,0,1,1,0
1,1,0,0,0
0,0,1,0,0
1,0,0,0,1
0,1,1,1,0
0,0,1,0,0
1,0,0,0,0
0,1,0,0,0
0,1,0,0,0
0,1,1,0,0
0,1,0,1,0
0,1,0,1,0
1,0,1,0,0
0,0,1,0,1
0,0,1,0,1
0,1,0,1,0
0,1,0,1,1
0,0,1,1,0
0,0,1,1,0
0,0,1,1,0
0,1,1,1,0
0,1,1,0,0
1,0,0,0,1
0,0,1,0,0
1,0,1,0,0
0,0,1,0,0
0,1,1,1,0
0,0,1,0,1
0,1,1,0,0
1,0,1,0,0
0,0,1,0,0
1,0,1,0,0
0,0,1,1,0
0,1,0,0,0
1,0,1,0,0
0,1,0,0,0
0,0,1,1,0
0,1,0,0,0
1,0,0,0,0
1,0,0,0,1
0,1,1,1,0
0,1,0,1,0
0,0,1,0,0
0,1,0,1,0
0,1,0,0,0
0,0,1,0,1
0,1,0,0,0
0,0,1,1,0
0,0,1,0,1
0,0,1,0,0
0,0,1,0,0
0,1,0,0,0
0,0,1,0,0
1,0,0,0,1
0,0,1,0,0
0,0,1,0,0
0,1,0,0,0
0,0,1,0,0
0,1,1,0,0
0,0,1,1,0
0,1,1,0,0
1,0,0,0,0
0,0,0,0,1
1,0,0,0,1
0,0,1,0,0
0,1,1,0,0
0,0,1,0,1
0,0,1,0,0
0,1,0,0,0
0,0,1,0,0
0,0,1,0,0
0,0,1,0,0
0,0,1,0,0
0,1,0,1,0
0,1,1,0,0
0,0,1,0,0
0,0,1,0,1
0,1,1,1,0
0,0,1,0,0
0,1,0,0,0
1,1,0,0,0
0,0,1,1,0
0,0,0,0,1
0,0,1,0,0
1,1,0,0,0
1,0,1,0,0
1,1,0,0,0
0,1,0,1,0
0,1,0,0,0
0,0,1,0,0
0,1,0,1,0
0,0,0,0,1
0,0,0,0,1
0,1,0,1,0
0,0,1,0,0
0,0,0,0,1
0,0,0,0,1
0,1,1,0,0
0,0,0,1,0
0,0,1,0,0
0,0,1,1,0
1,0,1,0,0
0,0,1,1,0
0,1,0,0,0
0,1,0,0,1
1,0,1,0,1
0,1,0,0,0
1,1,0,0,0
0,1,0,0,0
0,0,1,1,0
0,1,0,0,0
1,0,1,0,0
0,1,0,0,0
0,0,1,0,0
0,0,1,0,0
1,1,0,0,0
0,1,1,0,0
0,0,1,0,1
0,1,1,1,0
0,1,0,0,0
1,1,0,0,0
0,1,1,1,0
0,0,1,0,0
0,0,1,0,0
1,0,1,0,1
0,0,1,1,0
0,1,0,0,0
1,0,1,0,0
0,0,1,0,0
1,0,0,0,0
0,0,0,0,1
0,0,1,0,0
0,1,0,0,0
1,0,0,0,1
1,0,0,0,0
0,0,1,0,0
0,1,0,0,0
0,1,0,0,0
0,0,1,0,1
0,1,0,0,0
0,1,0,0,1
0,0,1,0,0
1,0,1,0,1
1,1,0,0,0
0,1,1,1,0
1,1,0,0,0
0,1,0,0,0
0,1,1,1,0
0,1,1,1,0
0,0,0,0,1
0,0,1,0,0
0,1,1,1,0
0,1,1,0,0
0,0,0,0,1
0,1,0,0,0
1,0,1,0,0
0,1,0,1,0
0,0,1,0,0
1,1,0,0,0
0,1,0,0,0
0,1,1,0,0
1,0,1,0,1
0,0,0,0,1
0,1,0,1,0
1,0,0,0,1
0,1,1,1,0
1,0,0,0,0
1,0,0,0,1
0,0,1,0,0
0,1,0,1,0
1,0,0,0,1
1,0,1,1,0
0,0,1,0,0
0,1,0,0,0
1,1,0,0,0
1,0,0,0,0
0,0,1,1,0
0,0,1,0,0
0,1,0,1,0
0,0,1,0,0
0,0,0,0,1
1,0,1,0,0
1,0,1,0,1
0,0,1,0,0
0,1,0,0,0
1,1,1,0,1
0,1,0,0,0
1,0,0,0,0
0,0,1,1,0
1,0,0,0,1
0,0,1,0,0
0,1,0,0,0
0,0,1,0,1
0,0,1,0,1
0,0,1,1,0
0,0,1,0,0
0,1,0,0,0
0,1,0,0,0
0,0,1,0,1
0,1,0,0,0
0,0,1,0,0
0,1,0,0,0
1,0,0,0,0
0,1,0,0,0
1,0,0,0,0
0,1,1,0,0
1,1,0,0,0
0,0,0,1,0
1,1,0,0,0
0,0,1,0,1
1,1,0,0,0
1,0,0,0,1
1,1,0,0,0
0,0,1,1,0
0,0,0,0,1
1,0,1,0,1
0,0,1,0,0
1,0,0,0,0
0,1,0,0,0
0,0,0,0,1
1,0,1,0,0
0,1,0,0,0
0,0,1,1,1
1,0,1,0,0
1,0,0,0,1
0,1,1,0,0
1,0,1,0,0
0,1,0,1,0
0,0,1,0,0
0,1,0,0,0
0,0,0,1,1
0,1,1,0,0
1,0,0,0,1
0,0,0,1,0
1,0,1,0,1
1,0,0,0,1
1,0,0,0,1
1,1,0,0,0
1,0,1,0,0
1,0,1,1,0
1,0,0,0,1
0,0,1,0,0
1,0,0,0,0
0,1,1,0,0
0,1,0,1,0
0,0,1,0,0
1,0,0,0,1
0,0,1,0,0
0,0,0,0,1
0,1,0,1,0
0,0,1,0,0
0,1,0,1,0
0,0,0,0,1
0,1,0,0,0
0,0,1,1,0
0,1,1,0,0
0,0,0,1,0
0,0,0,0,1
1,0,0,0,0
1,0,0,0,0
0,0,1,0,1
0,0,1,1,0
0,1,1,0,0
0,1,1,0,0
0,0,1,1,0
0,0,1,1,0
0,1,1,1,0
0,1,0,1,0
0,0,1,1,0
0,0,0,0,1
1,0,1,0,0
1,0,1,0,0
0,0,0,0,1
0,0,1,1,0
0,1,0,0,0
0,0,1,0,0
0,0,1,0,0
0,1,0,0,0
0,1,0,0,0
0,0,1,0,1
1,0,1,0,1
0,0,1,0,0
1,0,0,0,0
0,0,1,0,0
0,1,1,0,0
1,1,0,0,0
0,0,1,0,0
1,0,1,0,0
0,0,1,0,0
0,0,1,0,0
0,1,0,0,0
1,1,0,0,0
0,1,0,0,0
0,0,1,0,0
1,0,0,0,0
1,0,0,0,0
0,0,1,0,1
1,0,0,0,0
1,0,0,0,0
1,0,0,0,0
0,0,1,1,0
1,0,1,0,0
0,0,1,0,0
1,0,1,0,0
0,0,0,0,1
0,1,1,1,0
1,0,0,0,1
1,0,0,0,1
1,0,0,0,0
1,0,0,0,0
0,1,1,1,0
0,0,1,0,0
1,0,0,0,1
0,0,0,0,1
0,1,0,0,0
0,1,0,0,0
1,0,0,0,0
0,0,1,0,0
0,0,1,0,0
1,0,0,0,1
1,0,0,0,0
0,1,1,1,0
0,0,1,0,0
0,0,0,0,1
0,0,1,0,0
1,0,0,0,0
1,0,0,0,0
0,0,1,1,0
0,0,1,0,0
1,0,0,0,0
0,0,1,0,0
0,1,1,0,0
1,1,0,0,0
0,1,1,0,0
0,0,1,0,0
0,0,1,1,1
0,0,0,0,1
0,0,1,0,0
0,1,0,0,0
0,0,1,0,0
1,0,0,0,0
0,1,0,0,0
0,0,0,0,1
0,0,1,0,0
0,1,0,1,0
0,0,1,1,0
0,1,1,1,0
0,1,0,0,0
0,1,0,0,0
0,0,1,0,0
1,1,0,0,0
0,0,0,0,1
0,0,1,1,1
0,1,0,0,0
0,0,1,0,1
0,0,0,0,1
0,0,1,0,0
0,1,1,0,0
1,0,0,0,1
0,1,1,0,0
0,1,0,0,0
0,0,0,0,1
1,0,1,0,1
0,0,1,1,0
0,0,1,0,0
0,0,1,0,0
0,0,1,0,0
0,1,1,1,0
0,1,1,0,0
0,0,1,0,0
0,0,1,1,0
0,1,0,0,0
0,1,1,0,0
0,0,1,0,0
0,0,0,0,1
0,1,1,0,0
0,0,1,0,1
0,0,1,1,0
1,0,0,0,1
0,1,0,1,0
1,0,1,0,0
0,0,1,0,0
0,0,0,0,1
0,0,1,0,0
0,0,1,0,0
0,0,1,0,0
1,1,0,0,0
1,0,0,0,0
1,0,1,0,0
1,0,0,0,0
1,0,0,0,1
0,0,0,0,1
0,0,1,0,0
1,0,0,0,0
0,1,0,0,0
0,1,1,1,0
0,1,1,0,0
0,1,1,1,0
0,0,1,0,0
0,1,0,0,0
1,1,0,0,0
0,1,1,1,0
0,1,0,0,0
0,1,0,0,0
0,1,1,0,0
1,0,1,0,0
0,1,1,1,0
1,0,1,0,0
1,0,0,0,0
0,1,0,0,0
0,0,1,0,0
0,1,0,0,0
1,0,1,0,0
1,0,0,0,0
0,0,1,0,0
1,0,1,0,0
0,0,1,1,0
0,0,0,0,1
0,1,1,0,0
1,0,1,0,1
1,0,1,0,0
1,0,0,0,1
0,0,1,0,0
0,1,0,0,0
0,1,0,0,0
0,1,0,1,0
0,1,0,0,0
0,1,0,0,0
1,0,0,0,1
0,1,0,1,0
1,0,0,0,0
0,1,1,1,0
1,0,1,0,0
1,0,0,0,1
0,1,0,0,0
0,1,0,0,0
1,0,1,0,0
0,1,1,0,0
0,0,1,0,0
0,0,1,0,0
0,1,1,0,0
1,0,0,0,0
0,1,1,1,0
1,0,1,0,1
1,0,0,0,1
1,0,1,0,0
0,1,0,1,0
0,1,0,0,0
0,1,0,1,0
0,0,1,0,0
0,1,1,1,0
0,0,1,0,1
0,1,1,0,0
0,0,1,0,1
0,0,1,0,0
0,0,1,1,0
0,0,1,0,0
0,0,1,0,0
0,0,1,0,1
0,0,1,0,0
0,1,0,0,0
0,1,1,1,0
0,1,0,1,0
0,0,1,0,0
1,0,0,0,1
0,1,0,0,0
0,0,0,0,1
0,0,1,0,0
0,1,0,1,0
0,1,0,0,0
0,0,1,0,1
1,0,1,0,0
0,1,1,0,0
0,0,1,0,0
0,0,1,0,0
1,0,1,0,0
0,1,1,0,0
1,0,0,0,1
0,0,0,0,1
1,0,0,0,0
0,0,0,0,1
0,1,1,1,0
1,0,0,0,0
0,0,0,0,1
0,0,1,0,0
0,0,1,0,0
0,1,1,0,0
1,0,0,0,0
1,0,0,0,0
0,0,1,0,0
1,1,0,0,0
0,1,0,0,0
0,1,0,0,0
0,1,0,0,0
0,0,1,0,0
0,0,1,1,1
0,1,0,0,0
1,0,1,0,0
0,0,1,0,0
0,1,0,0,0
0,1,1,0,0
0,1,0,1,0
0,0,1,0,0
0,0,0,0,1
1,1,0,0,0
0,0,1,0,0
0,1,1,0,0
1,1,0,0,0
1,0,1,0,0
1,1,0,0,0
0,1,0,1,0
0,1,0,0,0
1,0,1,0,0
0,1,0,0,0
0,1,0,0,0
1,0,0,1,0
1,0,0,0,0
0,1,0,0,0
0,1,1,1,0
1,0,0,0,0
0,0,1,0,1
1,0,0,0,0
1,0,1,0,0
1,0,0,0,0
0,1,0,0,0
0,0,0,0,1
1,0,1,0,1
1,0,1,0,0
0,0,1,1,0
1,1,0,0,1
1,0,1,0,0
0,1,1,1,0
0,1,0,0,0
0,1,1,0,0
0,1,0,0,0
0,1,0,1,0
0,0,1,0,0
0,0,1,0,1
0,1,0,1,0
0,0,1,1,0
0,1,0,0,0
0,0,0,0,1
0,0,1,0,0
0,0,1,0,0
0,0,1,0,1
0,1,1,0,0
0,0,1,0,0
1,0,0,0,1
0,0,1,0,0
0,0,1,1,0
0,1,0,1,0
1,0,1,0,1
1,0,0,0,0
0,1,0,0,0
0,1,0,0,0
0,1,1,0,0
0,1,1,0,0
0,0,1,0,0
0,1,0,1,0
0,0,1,0,1
0,0,1,0,1
0,0,1,1,0
0,0,0,0,1
0,1,1,1,0
0,1,1,1,0
0,1,0,0,0
1,1,0,0,0
0,0,0,0,1
0,1,0,0,0
0,0,1,1,0
0,1,0,1,0
0,1,0,1,0
0,1,0,0,0
1,1,0,0,0
1,1,0,1,0
1,0,1,0,1
1,1,0,1,0
0,1,1,1,0
1,1,0,1,0
1,0,0,0,0
0,1,1,0,0
0,0,1,0,0
0,0,1,0,0
0,0,1,0,1
0,1,0,0,0
1,0,0,0,0
0,1,1,1,0
0,0,1,0,0
0,0,1,0,0
0,0,1,0,1
0,1,0,0,0
0,1,0,0,0
0,0,1,0,0
0,1,1,0,0
1,1,0,0,1
0,0,0,0,1
0,1,0,0,0
0,1,0,1,0
0,1,0,0,0
0,1,0,0,0
0,1,1,0,0
0,1,1,0,0
0,1,0,1,1
0,0,0,0,1
0,0,1,0,0
0,0,1,0,0
0,1,0,0,0
0,0,1,1,0
0,1,0,0,0
0,0,1,1,0
0,0,1,1,0
0,0,1,0,0
1,0,1,0,0
0,0,1,0,1
1,0,1,0,1
0,0,1,0,0
0,0,1,0,1
0,0,1,1,0
0,0,1,1,0
0,1,1,0,0
0,0,1,0,1
0,0,1,0,0
0,1,0,0,0
0,0,1,0,0
0,1,1,0,0
0,0,1,0,0
0,0,1,0,0
1,0,0,0,1
0,0,0,0,1
0,1,1,1,0
0,0,1,0,0
0,1,0,0,0
1,0,0,0,1
0,0,1,0,0
0,0,1,0,1
0,1,0,0,0
0,1,1,1,0
0,1,0,0,0
0,1,1,1,0
0,0,1,1,1
0,0,1,0,1
1,1,1,0,0
0,1,0,0,0
1,0,1,1,1
0,1,0,0,0
1,0,1,0,0
0,0,0,0,1
0,1,0,0,0
1,1,0,0,0
0,0,1,1,0
0,0,1,0,1
0,0,1,0,0
0,0,0,0,1
1,0,0,0,1
1,0,0,0,0
0,1,0,0,0
0,0,0,0,1
0,0,1,0,0
0,0,1,0,0
0,0,1,0,1
0,1,0,0,0
1,0,1,0,1
1,0,1,0,0
1,0,0,0,0
0,1,0,0,0
0,1,1,0,0
0,1,0,1,0
0,1,1,1,0
0,0,1,0,1
0,0,1,0,0
0,0,1,0,0
0,1,0,0,0
0,0,1,1,0
0,0,1,1,0
1,0,1,0,0
1,0,1,1,0
0,1,1,0,0
0,0,1,0,0
0,1,1,1,0
1,0,0,0,1
0,1,0,0,0
0,1,0,1,0
0,0,1,0,0
0,0,1,1,0
1,0,0,0,1
0,1,1,1,0
0,0,1,0,0
0,0,1,0,1
1,1,0,0,0
0,1,1,0,0
1,1,0,0,0
0,0,1,1,0
0,1,0,0,0
1,0,0,0,1
1,0,0,0,1
1,0,0,0,0
0,0,1,1,0
1,0,0,0,0
0,1,0,0,0
0,1,1,0,0
0,0,1,0,0
1,0,0,0,1
0,0,1,0,1
0,1,1,1,0
0,0,1,0,1
0,0,1,0,1
0,0,1,0,0
0,0,0,0,1
0,1,0,0,0
0,0,1,1,0
0,1,1,0,0
0,1,0,0,0
1,0,1,0,0
0,0,1,0,0
0,1,0,0,0
0,1,0,0,0
0,0,1,0,0
0,1,1,0,0
0,0,1,1,0
0,1,1,0,0
1,1,0,0,0
1,0,1,0,0
0,0,1,0,0
0,0,1,1,0
1,0,0,0,0
0,0,1,0,0
0,1,0,1,0
1,0,0,0,0
1,0,1,1,1
1,0,0,0,1
0,1,0,0,0
0,1,0,0,0
1,1,0,0,1
0,0,1,0,1
1,1,0,0,0
0,1,0,1,0
0,1,0,0,0
0,1,1,1,0
1,0,0,0,0
1,0,0,1,0
0,0,1,0,0
0,0,1,0,1
1,0,0,0,1
0,1,0,1,0
0,1,0,0,0
0,1,0,0,0
0,0,1,1,0
0,0,1,0,0
0,1,0,1,0
0,1,0,0,0
0,1,0,1,0
0,1,0,0,0
0,0,1,1,0
0,1,0,0,0
0,1,0,0,0
1,1,0,0,0
0,0,0,1,0
1,0,1,0,1
0,0,1,0,0
0,1,0,1,0
0,1,1,0,0
1,0,0,0,1
1,0,1,0,0
1,0,1,0,1
0,1,1,1,0
1,0,0,0,0
0,1,0,0,0
0,0,0,0,1
1,0,0,0,0
0,1,1,0,0
0,0,1,0,1
0,1,1,0,0
0,1,0,0,0
0,0,1,1,0
0,0,1,0,0
0,1,1,1,0
0,0,1,0,0
0,0,1,0,0
0,0,1,0,1
1,0,1,0,1
1,0,0,0,1
0,1,0,0,0
1,1,0,0,0
0,0,1,0,0
0,1,0,1,0
0,0,1,0,0
0,0,1,0,0
0,0,1,1,0
0,0,0,0,1
0,1,1,0,0
0,1,1,1,0
0,0,1,0,0
1,0,0,0,1
0,1,0,0,0
1,0,1,0,0
0,1,1,0,0
1,0,0,0,0
0,1,0,0,0
0,0,1,0,0
1,0,1,0,1
0,0,1,0,0
1,1,0,0,0
0,1,0,0,0
0,0,1,1,0
0,1,1,1,0
0,1,0,0,0
1,0,0,0,1
1,0,0,0,0
0,0,1,0,0
0,0,1,0,0
0,1,1,0,0
1,1,0,0,0
0,1,0,0,0
0,1,0,0,0
0,1,1,0,0
0,1,0,0,1
1,1,0,0,0
0,1,0,1,1
1,0,0,0,0
1,0,1,0,0
0,0,1,0,0
0,1,1,1,0
0,0,1,0,0
0,1,1,0,0
0,1,0,0,0
1,0,1,0,0
1,0,0,0,1
0,1,1,1,0
1,0,0,0,0
0,0,1,0,1
0,0,1,0,1
0,0,0,0,1
0,0,1,0,0
0,0,1,1,0
0,1,1,0,0
0,1,0,0,0
0,1,0,0,0
0,0,1,0,0
0,0,0,0,1
0,0,1,0,0
0,0,0,1,0
0,0,1,0,1
0,1,0,1,0
0,0,0,0,1
0,0,1,1,0
0,1,0,0,0
0,1,1,0,0
0,0,1,0,0
0,1,0,0,0
0,0,1,0,0
1,0,0,0,0
0,1,0,0,0
1,0,0,0,1
1,1,0,0,0
1,0,1,0,1
0,0,0,0,1
0,0,1,0,0
0,0,1,0,1
0,1,0,1,0
1,0,0,0,1
1,0,0,0,0
0,1,1,0,0
0,1,1,0,0
1,1,0,0,0
0,1,1,0,0
0,0,1,0,0
0,0,1,0,0
1,1,0,0,0
1,0,0,0,0
1,0,1,0,0
0,1,1,1,0
0,0,1,0,0
0,1,0,0,0
0,1,1,1,0
0,1,1,0,0
0,1,1,1,0
0,1,1,0,0
0,1,0,0,0
0,0,0,0,1
1,0,0,0,0
0,1,0,0,0
0,1,0,0,0
0,1,0,1,0
0,0,1,0,0
0,1,0,1,0
1,1,0,0,0
0,0,1,0,1
0,0,1,0,0
0,1,0,0,0
0,0,1,0,0
0,0,0,0,1
0,0,0,0,1
0,0,1,0,0
0,1,0,0,0
0,1,0,1,0
0,1,0,0,0
1,0,1,0,1
0,0,1,0,0
1,0,0,0,1
0,0,1,0,1
0,1,0,0,0
0,0,1,0,0
0,0,1,0,0
0,1,0,0,0
0,0,0,0,1
1,0,0,0,1
0,1,0,0,0
1,0,1,0,1
0,1,1,0,0
1,0,1,0,0
1,0,1,0,0
1,0,1,0,0
0,1,0,0,0
0,0,0,0,1
0,0,1,1,0
0,0,1,0,0
1,1,0,0,0
0,1,0,0,0
0,1,0,0,0
0,1,0,0,0
0,1,0,0,0
1,0,1,0,0
1,0,0,0,1
1,1,0,0,0
0,0,1,1,0
0,1,0,1,0
1,0,0,0,1
0,0,1,0,0
0,1,0,1,0
0,0,0,0,1
1,0,0,0,1
0,1,0,0,0
0,1,1,1,0
1,1,0,0,0
0,1,0,0,0
0,1,0,1,0
1,0,0,0,0
1,0,1,0,0
0,0,1,0,1
0,1,1,1,0
1,1,0,0,0
0,0,1,0,0
0,0,1,0,1
1,0,1,0,0
1,0,0,0,1
0,0,1,0,0
0,1,0,0,0
0,1,1,1,0
1,1,0,0,0
0,0,1,0,0
0,0,1,0,0
0,1,0,0,0
1,1,0,0,1
0,1,0,0,0
0,1,0,0,0
0,1,0,0,0
1,0,1,0,0
0,0,1,0,0
1,0,0,0,0
0,1,0,0,0
0,1,0,1,0
1,0,0,0,0
0,1,0,0,0
0,0,1,0,0
0,0,0,0,1
0,1,0,0,0
1,1,0,1,0
0,0,0,0,1
0,1,0,1,0
0,1,1,1,0
0,0,1,1,0
0,1,0,0,0
0,0,1,0,0
0,1,0,0,0
0,0,1,1,0
0,0,1,0,0
0,1,0,0,0
0,1,0,1,0
0,0,1,0,1
0,1,0,0,0
0,0,1,0,0
0,0,0,0,1
1,0,0,0,0
0,0,1,1,1
0,0,1,0,0
1,0,0,0,1
0,1,0,0,0
0,1,1,1,0
0,1,1,1,0
0,1,0,0,0
0,1,0,0,0
1,0,0,0,0
0,1,0,1,0
1,1,0,0,0
0,0,0,1,0
0,0,1,1,0
0,1,1,0,0
1,0,0,0,0
0,1,1,1,0
0,1,0,0,0
0,1,0,0,0
0,0,1,0,0
0,1,1,1,0
1,0,0,0,1
0,0,1,0,1
0,0,1,0,1
0,1,0,1,0
1,1,1,0,0
0,1,1,1,0
0,0,0,0,1
0,1,0,1,0
0,1,0,0,1
0,1,0,0,0
0,0,1,0,0
0,1,0,0,0
0,1,0,0,0
0,1,0,1,0
1,1,0,0,0
1,0,0,0,1
0,1,0,0,0
0,0,1,0,0
0,0,0,0,1
0,1,1,1,0
0,0,1,0,0
0,0,0,0,1
0,1,0,0,0
1,0,1,0,0
0,1,0,0,0
0,0,0,0,1
0,0,1,0,0
1,0,0,0,1
0,1,0,1,0
0,1,0,1,0
1,0,0,0,0
0,1,0,0,0
0,0,1,0,1
0,1,0,0,0
0,0,1,1,0
0,1,0,0,0
0,1,1,1,0
0,0,1,0,0
1,0,1,0,1
1,0,0,0,1
0,1,1,1,0
0,1,0,0,0
0,0,1,0,0
0,1,0,1,0
0,0,1,0,0
1,0,0,0,1
0,1,0,0,0
0,1,0,0,0
0,1,1,0,0
0,1,0,0,0
1,0,0,0,0
0,1,0,0,0
0,0,1,0,1
1,0,0,0,1
1,0,0,0,1
0,1,1,1,0
1,0,0,0,1
0,0,0,0,1
0,1,0,0,0
0,0,1,1,1
0,0,1,0,0
0,0,1,1,0
1,0,0,0,1
0,1,1,0,0
0,1,1,1,0
0,0,0,0,1
0,1,0,0,1
1,1,0,0,1
1,0,0,0,0
0,0,0,0,1
0,1,0,0,0
1,0,0,0,1
1,0,0,0,0
1,0,1,0,0
0,0,1,0,0
0,1,0,0,0
1,0,1,0,0
0,1,0,0,0
0,0,1,1,0
0,0,1,0,1
0,0,1,0,0
0,1,0,1,0
1,0,0,0,1
0,1,0,0,0
0,1,0,0,0
0,1,1,0,0
0,0,0,0,1
0,1,0,0,0
0,0,1,0,1
0,0,1,0,0
0,1,0,0,0
0,0,1,0,0
0,0,1,0,1
1,1,0,0,0
0,0,1,1,0
0,1,0,1,0
0,0,1,1,0
0,0,1,0,0
1,0,0,1,1
0,0,1,0,0
0,0,1,0,1
0,1,1,0,0
0,0,0,0,1
0,0,0,1,0
0,0,1,0,1
0,0,1,1,1
0,1,0,0,0
0,1,1,1,0
0,1,1,0,0
1,0,0,0,1
0,0,1,0,0
0,0,1,1,0
0,1,0,1,0
0,1,0,0,0
0,1,0,0,0
0,1,1,0,0
0,0,0,0,1
0,1,0,0,0
0,1,1,0,0
1,1,1,0,0
0,0,1,0,0
0,0,1,1,0
0,0,1,1,0
0,1,1,0,0
0,0,1,0,0
0,1,1,1,0
0,0,1,0,0
1,0,0,0,1
1,0,1,0,1
0,1,1,0,0
0,1,1,0,0
0,0,1,0,1
1,0,1,0,1
0,0,1,0,1
0,1,0,0,0
0,1,1,1,0
0,0,0,1,0
0,0,0,0,1
0,1,0,0,0
1,0,0,0,1
1,0,0,0,0
0,0,1,0,0
1,0,0,0,0
1,0,1,0,0
0,1,1,0,0
0,1,1,1,0
0,1,0,0,1
0,0,1,0,0
0,0,1,0,0
1,1,0,0,0
0,0,0,1,0
0,0,0,1,0
0,1,0,1,0
0,0,1,0,0
0,1,0,1,0
0,1,0,0,0
0,1,1,1,0
0,1,0,0,0
0,1,0,0,1
0,0,1,0,1
0,1,1,1,0
0,1,0,0,0
1,0,1,0,1
0,1,0,0,0
0,1,0,0,1
0,0,1,0,0
0,0,1,0,0
0,0,1,1,0
0,0,0,1,0
0,1,0,0,0
0,0,1,0,0
0,1,1,0,0
0,0,1,0,0
0,1,0,0,0
0,0,1,0,0
1,0,1,0,1
1,1,0,0,0
1,1,0,0,0
0,1,1,0,0
1,0,1,0,0
1,1,0,0,0
1,0,0,0,1
0,1,1,1,0
0,0,0,0,1
1,0,0,0,1
0,0,1,0,1
0,0,1,1,0
0,0,1,1,0
0,0,1,0,1
1,1,0,0,0
0,1,0,0,0
0,1,0,0,0
0,0,1,0,0
0,1,0,0,0
0,1,1,1,0
1,0,1,0,1
0,0,1,0,0
0,0,1,0,0
0,1,1,0,0
0,0,1,0,1
1,0,1,0,0
0,0,1,0,0
0,0,1,0,0
0,1,0,1,0
0,0,1,0,0
0,0,1,0,0
0,1,1,0,0
0,1,0,1,0
0,0,1,0,1
0,1,0,1,0
0,0,0,1,0
0,0,1,0,0
0,0,1,0,0
0,0,1,1,0
0,0,1,0,0
1,0,0,0,1
0,0,1,0,0
0,0,1,1,0
0,0,1,0,0
1,0,0,0,0
0,0,1,0,0
1,0,1,0,0
1,0,0,0,1
0,0,1,1,0
0,0,1,0,0
1,0,1,0,1
0,1,0,1,0
0,0,0,0,1
0,0,1,0,0
1,1,0,0,0
0,1,1,1,0
0,0,0,0,1
1,0,0,1,0
0,0,1,0,0
1,0,0,0,0
0,0,0,0,1
0,0,0,0,1
0,1,0,0,0
0,0,1,0,0
0,0,1,0,0
1,0,0,0,1
0,0,0,0,1
0,0,1,0,1
1,1,0,1,0
0,1,1,1,0
0,1,0,1,0
1,0,0,0,1
1,1,0,0,0
1,0,0,0,0
0,1,1,0,0
0,0,1,0,0
0,0,1,1,0
0,0,1,0,0
0,1,0,1,0
1,0,0,0,0
0,0,1,0,0
0,0,1,0,1
0,0,0,0,1
1,0,1,0,0
0,0,1,0,0
1,0,0,0,1
0,0,1,0,0
1,0,0,0,0
1,0,1,0,0
1,1,0,0,0
0,0,1,0,1
0,0,1,0,0
0,0,1,0,0
1,0,0,0,1
0,0,1,0,1
0,0,1,0,0
1,0,0,0,0
0,0,1,0,0
0,1,0,0,1
1,0,1,0,1
1,0,0,0,0
0,1,0,0,0
1,0,1,0,1
0,1,0,0,0
0,1,0,0,0
0,1,1,0,0
1,0,0,0,0
0,1,1,0,0
0,1,1,0,0
1,1,0,0,0
0,1,0,0,0
0,1,0,0,0
1,0,0,0,1
0,1,1,0,0
1,0,1,0,1
1,0,0,0,1
0,1,1,1,0
0,0,1,1,0
1,0,0,0,0
0,1,0,0,0
1,0,1,1,0
0,1,0,0,0
0,0,1,0,0
1,0,1,0,0
0,1,1,1,0
0,0,1,1,0
1,0,0,0,0
0,0,0,1,0
1,1,1,1,0
0,1,0,1,0
0,0,1,1,0
0,1,0,1,0
0,1,1,0,0
0,0,1,0,0
1,0,1,0,0
0,1,0,0,0
0,1,0,1,0
0,1,1,1,0
0,0,1,0,0
1,0,0,0,0
0,0,0,0,1
0,0,1,0,0
1,0,1,0,0
1,0,1,0,0
1,0,0,0,1
1,0,0,0,0
0,1,1,1,0
0,1,0,0,0
0,0,1,0,0
0,0,1,0,0
0,1,0,0,0
0,1,0,0,0
0,1,0,0,0
0,0,1,0,0
1,1,0,0,0
1,1,0,1,0
0,0,1,0,0
1,0,0,0,1
1,0,0,0,1
0,0,0,0,1
1,1,0,0,0
0,1,0,0,0
0,0,1,0,0
0,0,1,0,0
0,1,0,0,0
0,0,1,0,1
0,1,0,0,0
0,0,0,0,1
1,0,1,0,0
1,1,0,0,0
0,1,0,1,0
1,0,0,0,1
1,0,0,0,0
1,0,1,0,0
0,1,0,0,0
0,0,1,0,0
0,1,0,1,0
1,1,0,0,0
0,0,0,0,1
0,1,0,0,0
1,0,1,0,1
0,0,1,1,0
1,1,0,0,0
0,1,1,1,0
0,1,1,1,0
0,0,0,0,1
0,1,1,1,0
0,1,0,0,0
0,0,1,0,0
0,0,1,0,1
0,0,1,0,0
1,0,1,1,1
0,1,1,0,0
1,0,1,0,0
1,1,0,0,0
0,0,1,0,1
0,1,0,0,0
0,1,1,1,0
0,0,0,0,1
0,1,0,0,0
0,1,1,1,0
0,1,0,1,0
1,0,1,0,0
0,0,0,0,1
0,0,0,0,1
0,0,1,1,0
1,0,0,0,0
0,1,0,0,0
0,0,0,1,0
0,1,0,0,0
0,0,1,1,0
0,1,1,1,0
1,1,0,0,0
0,0,0,0,1
1,1,0,0,0
0,0,1,1,0
0,1,0,0,0
0,0,1,0,0
0,1,0,0,0
0,1,1,0,0
0,0,0,0,1
0,0,1,1,1
0,1,0,1,0
0,0,0,1,1
1,0,0,0,0
1,0,0,0,0
1,0,0,0,1
0,1,0,0,0
0,0,1,0,1
0,0,1,0,0
0,0,1,1,0
1,0,0,0,1
0,0,1,0,1
0,1,0,0,0
0,1,0,0,0
1,0,0,0,1
0,0,1,1,0
0,0,1,0,0
1,1,0,0,0
0,0,1,1,1
1,0,0,0,0
0,0,0,0,1
1,1,0,0,1
0,0,1,0,0
0,0,0,0,1
0,1,1,1,0
0,1,0,0,0
1,1,1,1,0
1,0,0,0,0
0,0,1,0,1
0,0,1,0,1
0,1,1,0,0
0,0,1,0,0
0,0,1,1,0
1,0,1,0,1
0,1,1,0,0
1,0,0,1,0
0,0,0,0,1
0,1,0,0,0
0,1,0,0,0
0,1,1,0,0
1,0,0,0,0
0,0,1,1,0
0,1,0,0,0
1,0,0,0,0
0,1,0,0,0
0,0,1,0,0
0,0,0,0,1
0,0,0,0,1
0,0,1,0,0
1,0,1,0,0
1,1,0,0,0
0,0,1,0,0
0,1,0,1,0
0,0,1,0,1
0,0,1,1,0
1,0,0,0,0
1,0,0,1,0
1,0,0,0,1
1,0,1,0,0
0,1,1,0,0
0,0,1,0,1
1,0,0,0,0
0,1,1,1,0
0,1,0,0,0
0,0,1,0,0
0,1,1,0,0
1,0,0,0,1
0,0,1,0,1
0,1,0,0,0
0,0,1,0,0
0,1,0,0,0
0,0,1,0,0
0,1,0,0,0
0,1,1,0,0
1,0,0,0,1
1,0,0,0,1
1,0,1,1,0
0,0,1,0,1
0,0,0,0,1
0,1,1,1,0
0,1,0,1,0
0,0,1,0,0
0,1,1,0,0
0,0,1,0,0
1,0,0,0,1
1,0,0,0,1
0,0,1,0,0
1,0,0,0,1
0,1,0,0,0
0,1,1,0,0
1,1,0,0,1
0,1,0,1,0
0,1,0,0,0
0,0,0,0,1
1,0,0,0,0
0,1,1,1,0
0,1,0,1,0
1,0,1,0,1
0,0,1,0,0
1,0,0,0,1
1,0,1,0,0
1,0,0,0,1
1,0,1,0,0
0,0,0,0,1
0,1,1,0,0
0,1,0,0,0
0,1,0,0,0
0,1,0,1,0
0,1,0,0,0
0,0,1,0,0
1,0,0,0,0
1,0,0,0,0
0,1,1,0,0
0,1,1,1,0
0,0,1,0,0
0,1,1,0,0
0,1,0,0,0
1,1,0,0,0
1,0,0,0,1
1,1,0,0,1
0,0,1,0,0
0,0,1,0,1
1,0,0,0,0
0,0,1,0,0
0,0,1,0,1
0,0,1,0,1
0,0,0,0,1
0,1,0,0,0
1,1,0,0,1
0,1,0,1,0
0,1,0,0,0
1,0,1,1,0
0,0,1,0,1
0,0,1,0,0
0,1,1,0,0
1,0,1,0,0
0,0,1,0,0
1,0,0,0,0
1,1,0,0,0
1,0,0,0,0
0,1,1,1,0
0,0,1,0,1
0,0,1,1,0
0,0,1,0,0
0,0,1,0,0
0,0,1,0,0
0,1,1,1,0
0,1,0,0,0
0,1,0,0,0
0,0,1,0,0
0,0,1,0,1
0,1,0,0,1
0,0,1,1,0
0,1,0,1,0
0,1,0,0,0
0,0,0,0,1
0,1,0,1,0
0,0,1,1,0
0,0,1,0,0
1,0,0,0,1
1,0,1,0,0
0,0,0,0,1
0,1,0,0,0
1,0,0,0,0
1,1,0,0,0
0,1,1,1,0
1,0,1,0,1
1,0,0,0,1
0,0,1,0,0
0,1,0,0,0
0,1,1,0,0
0,0,0,1,0
1,0,1,0,0
0,0,0,0,1
0,1,1,0,0
1,0,0,0,1
1,0,1,1,0
0,0,1,0,0
0,1,0,0,0
0,0,1,0,0
0,1,0,0,0
0,0,1,1,0
1,0,1,0,1
0,0,1,0,0
0,0,1,0,0
0,1,0,0,0
0,1,0,0,0
0,1,0,0,0
0,1,0,0,0
0,1,0,1,0
0,1,0,0,0
0,0,1,0,0
0,1,1,1,0
0,1,0,0,0
0,0,1,0,0
0,0,1,1,0
0,0,1,0,0
0,1,0,0,0
0,1,1,0,0
0,1,0,0,0
0,0,1,0,0
0,0,1,0,0
0,0,1,0,1
1,0,0,0,1
0,1,0,0,0
1,0,1,0,1
1,0,0,0,1
0,0,1,0,0
0,0,1,0,0
0,0,0,0,1
0,1,1,0,0
0,0,0,0,1
1,0,0,0,1
0,1,0,1,0
1,0,1,0,0
1,0,0,0,0
0,1,0,0,0
0,1,0,0,0
0,0,0,0,1
0,0,1,1,0
0,0,0,0,1
0,0,1,0,0
0,1,0,1,0
1,0,1,0,0
0,1,1,1,0
0,1,1,0,0
0,1,0,0,0
1,0,0,0,0
0,1,0,0,0
0,1,1,0,0
0,0,1,1,0
1,0,0,0,0
1,1,0,0,0
0,1,0,0,0
1,0,0,1,1
0,0,0,0,1
0,1,0,0,0
0,1,0,0,0
0,0,0,0,1
0,0,1,0,0
1,1,0,0,0
0,0,1,0,0
0,0,0,0,1
0,1,0,0,0
0,0,1,0,0
0,0,1,0,1
0,0,1,0,0
0,0,1,0,0
0,0,1,0,0
0,1,0,1,0
1,1,0,0,0
0,1,1,0,0
1,0,0,0,0
0,0,1,0,0
0,0,1,0,0
0,1,0,0,0
0,0,1,0,1
1,0,1,0,1
1,0,0,0,0
0,0,0,0,1
0,1,1,1,0
0,0,0,0,1
1,0,0,0,0
0,1,1,1,0
0,0,1,0,1
1,0,0,0,1
1,0,1,0,0
0,0,1,0,0
1,1,0,0,0
0,0,0,0,1
1,0,1,0,1
0,0,1,0,0
0,1,0,0,0
0,1,1,0,0
0,1,0,0,0
1,0,0,0,0
0,0,1,0,0
0,1,1,1,0
0,1,1,1,0
0,0,1,0,0
0,0,1,0,0
0,1,0,0,0
0,0,1,0,0
0,0,0,0,1
0,1,1,0,0
1,0,1,0,0
0,1,0,0,0
0,0,0,0,1
0,1,0,1,0
0,1,1,1,0
0,0,1,0,0
0,1,0,0,0
0,0,1,0,0
1,0,0,0,1
0,1,0,0,0
0,0,1,0,0
0,0,0,0,1
1,0,0,0,0
1,0,0,0,0
0,1,1,1,0
1,0,0,0,0
0,0,1,1,0
0,0,1,0,1
1,0,0,0,1
0,0,0,0,1
1,1,0,0,0
0,1,0,0,0
0,0,1,1,0
0,1,1,1,0
0,0,0,0,1
0,0,1,0,0
1,0,0,1,1
0,1,0,1,0
1,0,1,0,0
0,1,1,0,0
1,0,1,0,0
1,0,0,0,0
0,0,1,0,0
0,0,1,1,0
1,0,0,0,0
0,0,1,0,0
0,1,0,0,0
0,1,0,0,0
0,0,1,0,0
0,1,0,0,0
1,0,1,0,0
0,0,1,0,1
0,0,1,0,1
0,0,0,0,1
0,1,0,0,0
0,1,0,1,0
0,0,0,0,1
0,1,1,0,0
0,1,0,1,0
0,1,0,0,0
0,1,0,0,0
0,0,0,0,1
0,0,1,0,1
0,0,1,0,0
0,0,1,1,0
0,0,1,0,1
1,0,1,0,0
1,0,1,0,0
0,0,1,0,1
0,1,0,0,0
0,1,0,1,0
0,1,0,0,0
1,0,1,0,1
0,0,0,0,1
0,0,1,0,0
1,0,0,0,0
1,0,1,0,0
0,0,1,0,0
0,1,0,1,1
0,1,0,0,0
0,0,1,1,0
1,0,0,0,0
0,0,1,1,0
0,1,0,0,0
0,0,1,0,1
1,0,0,1,0
0,1,0,0,1
0,0,1,0,0
0,1,0,0,0
0,1,0,0,0
1,0,0,0,0
1,0,1,0,1
1,0,0,0,0
0,0,1,0,0
0,1,0,0,0
1,0,1,0,0
1,0,0,0,0
1,0,0,0,0
1,0,0,0,0
0,1,0,1,0
0,0,1,0,1
0,0,1,1,0
1,0,1,0,0
0,1,1,0,1
1,0,1,0,0
0,1,0,0,0
1,0,1,0,1
0,1,1,0,0
0,0,0,0,1
1,0,0,0,1
0,0,1,1,0
0,0,1,0,0
0,1,0,0,0
0,0,1,0,1
1,0,0,0,1
0,0,1,1,0
1,0,0,0,0
0,1,0,0,0
0,0,1,0,0
1,0,0,0,0
1,0,1,0,0
1,0,0,0,0
0,1,0,0,0
1,0,0,0,0
1,1,0,0,0
1,0,0,0,1
0,0,1,0,0
0,1,1,1,0
0,0,1,0,0
1,0,0,0,0
1,0,1,0,1
1,0,0,0,1
0,0,1,0,1
0,0,1,0,1
0,1,0,0,0
0,0,1,0,1
0,0,1,1,1
1,0,1,0,1
0,0,0,0,1
0,1,0,1,0
0,0,0,0,1
0,0,1,1,1
0,0,1,0,1
1,1,0,0,0
0,0,1,1,0
1,0,0,0,0
1,0,0,0,1
0,1,0,1,0
0,1,0,1,0
0,1,0,1,0
1,0,0,0,1
0,0,1,0,0
0,0,0,0,1
1,0,1,0,1
1,1,0,0,0
0,0,1,0,0
1,1,0,0,0
0,1,0,0,0
0,0,1,0,0
1,0,1,0,0
0,0,1,0,0
1,0,1,0,0
0,0,1,1,0
0,0,1,0,1
0,0,1,0,1
1,0,1,0,1
0,0,1,1,1
0,1,0,1,0
0,0,1,1,0
0,1,1,1,0
0,0,1,0,0
0,1,0,0,0
0,1,0,0,0
1,0,0,0,0
0,0,1,0,0
0,0,1,0,0
0,0,1,1,0
0,0,1,0,1
1,0,0,0,0
0,1,1,0,0
1,0,0,0,1
0,1,1,0,0
0,0,1,0,0
0,1,0,0,0
1,0,1,0,0
0,1,1,0,0
0,1,0,0,1
0,1,0,0,0
0,0,1,0,1
0,1,0,0,0
0,1,0,0,1
0,0,1,0,0
1,1,1,0,1
1,0,0,0,0
0,1,0,1,0
0,0,1,0,0
0,1,1,0,0
0,0,1,0,1
0,0,1,1,0
0,1,1,0,0
1,0,1,0,1
0,0,1,0,0
0,0,1,1,0
0,0,1,1,0
1,0,0,0,0
0,1,0,0,0
0,0,1,0,0
0,1,1,1,0
0,0,1,0,0
1,0,0,0,1
0,0,0,0,1
0,0,0,0,1
0,1,1,0,1
0,0,1,1,0
1,0,1,0,0
1,0,0,0,0
1,0,1,0,0
0,0,1,0,0
0,1,0,0,0
0,0,0,0,1
0,0,0,0,1
0,0,1,1,0
0,0,1,1,0
1,0,0,0,1
1,0,0,0,1
0,1,0,0,0
1,1,0,0,0
0,0,1,1,0
0,0,1,0,0
0,0,1,0,0
0,1,1,1,0
0,1,0,1,0
1,1,1,0,1
0,0,1,0,0
0,0,1,0,1
1,0,0,1,1
0,0,1,0,0
0,0,0,0,1
0,1,1,0,0
0,1,0,0,0
0,1,1,1,0
0,1,0,0,0
0,1,0,1,0
0,1,0,0,0
1,0,1,0,0
0,0,0,0,1
0,0,1,0,1
0,1,0,0,0
0,0,1,0,0
1,1,1,0,0
1,0,0,0,0
0,0,1,0,0
0,0,1,0,0
0,1,0,1,0
1,1,1,0,0
1,0,1,0,1
0,0,1,1,0
1,0,1,0,0
0,0,0,1,1
0,0,1,0,1
0,1,0,0,0
0,1,1,1,0
0,1,0,1,0
0,1,0,1,0
1,1,0,0,0
1,0,0,0,1
0,1,0,0,0
0,0,1,1,0
0,1,1,0,0
0,1,0,0,0
0,0,1,0,1
0,0,1,1,0
0,0,1,0,0
0,1,0,1,0
0,0,1,0,0
0,0,0,0,1
1,0,1,0,0
0,1,1,1,0
0,0,0,0,1
0,1,0,0,0
0,0,1,0,0
1,1,0,0,0
1,1,0,0,0
0,0,1,0,0
1,0,0,0,0
0,1,0,0,0
0,1,0,0,0
0,0,1,0,0
0,0,1,0,0
0,1,0,0,0
0,0,1,1,0
0,1,0,0,0
0,0,0,0,1
0,1,0,1,0
1,0,0,0,1
0,0,1,1,0
0,0,1,0,0
0,1,1,0,0
1,0,0,0,0
1,0,0,0,1
0,1,0,0,0
1,0,0,0,0
0,0,1,0,0
1,0,0,0,1
0,0,1,0,1
0,0,1,0,1
0,1,1,1,0
0,1,0,0,0
0,1,1,1,0
1,0,0,0,0
1,0,1,0,0
0,0,1,0,0
0,0,1,1,0
0,1,1,0,0
0,0,1,0,0
0,1,0,0,0
0,1,0,0,0
0,1,1,0,0
0,0,1,1,1
0,1,0,0,0
1,0,0,0,0
0,1,0,1,0
0,1,0,0,0
0,1,0,0,0
0,1,0,0,0
1,0,1,0,0
0,1,1,0,0
0,0,1,0,0
1,0,1,0,0
0,1,0,0,0
1,0,0,0,0
0,0,0,0,1
0,0,0,1,1
0,0,1,1,0
1,0,0,0,1
1,1,0,0,0
0,1,1,1,0
0,0,1,1,0
0,0,0,1,1
1,0,1,0,0
0,0,1,0,0
0,0,1,0,0
0,1,0,0,0
0,0,1,0,1
0,0,0,0,1
0,1,1,0,0
0,1,0,0,0
1,1,0,0,0
1,0,0,0,1
0,1,0,0,0
0,0,1,0,1
0,1,0,0,0
0,0,1,0,0
0,1,0,1,1
0,1,1,1,0
1,0,0,0,0
0,1,0,1,0
0,0,1,0,1
0,1,1,1,0
0,1,0,0,0
0,1,0,0,0
1,0,0,0,1
0,0,1,0,1
0,0,0,0,1
0,0,1,0,1
0,0,1,0,1
0,0,1,0,0
0,0,1,0,0
0,0,1,0,0
0,0,1,0,0
0,0,1,0,1
0,1,1,1,0
0,1,0,0,0
1,0,1,0,0
0,1,0,0,0
0,0,1,1,0
0,1,0,1,0
0,0,1,1,0
0,0,1,0,1
0,0,1,1,0
0,1,1,1,0
0,0,1,0,0
0,0,1,0,1
1,1,0,0,0
0,1,0,0,0
0,0,1,1,0
0,0,0,0,1
0,1,0,0,0
0,0,0,0,1
0,0,1,1,0
0,0,0,1,0
1,0,0,0,0
0,1,0,0,0
0,1,0,0,0
0,1,0,0,0
0,1,0,0,0
0,1,0,1,0
1,0,0,0,1
0,1,0,0,0
1,0,0,0,0
1,0,0,0,0
0,0,1,1,0
1,0,1,0,0
0,1,0,1,0
0,0,1,1,0
0,0,1,0,0
0,1,0,1,0
0,0,0,0,1
0,1,0,0,0
0,0,0,0,1
0,0,1,1,0
0,0,1,1,0
0,0,1,0,0
1,0,1,1,0
0,0,1,0,0
0,0,1,0,0
0,1,0,0,0
0,0,1,0,0
0,0,1,1,0
0,0,1,0,0
1,0,0,0,0
0,1,1,0,0
0,0,1,0,1
0,0,1,0,0
1,1,0,0,0
0,1,0,0,0
0,0,1,1,0
1,0,1,0,1
1,0,0,0,1
0,0,1,1,0
0,0,1,0,0
0,0,1,0,0
0,1,1,0,0
0,0,1,1,0
0,0,1,0,0
1,1,0,0,0
0,0,1,0,1
0,1,0,0,0
0,0,1,0,0
0,0,1,1,0
0,1,1,1,0
0,0,0,0,1
0,1,0,0,0
0,0,1,1,0
1,0,1,0,1
0,0,1,0,0
0,1,0,0,0
1,0,0,0,1
1,0,0,0,1
1,0,1,0,0
0,1,0,0,0
0,1,0,0,0
0,0,1,0,1
1,0,0,0,0
0,1,0,0,0
0,1,1,0,0
0,1,0,1,0
0,0,1,1,0
0,0,1,0,0
0,0,1,0,0
0,0,1,0,0
0,0,1,1,0
1,0,0,0,0
0,1,0,0,0
0,1,0,0,0
1,0,0,0,1
1,0,0,0,1
0,1,0,0,0
0,1,0,0,0
0,1,1,0,0
0,1,0,0,0
1,0,0,0,0
0,0,1,0,0
1,0,0,0,0
0,1,0,0,0
0,0,1,1,0
0,0,1,0,1
0,1,1,0,0
1,0,0,0,0
0,1,0,1,0
1,0,0,0,0
0,0,1,0,0
0,0,1,0,1
0,1,0,0,0
0,0,1,0,0
0,1,0,0,0
0,1,0,1,0
0,1,0,0,0
0,1,1,0,0
1,0,0,0,1
0,0,1,0,0
1,1,0,1,0
1,0,0,0,0
0,1,1,0,0
0,0,1,0,1
0,1,1,0,0
0,0,1,0,1
0,0,1,0,0
1,0,1,0,0
0,0,1,0,0
0,1,0,1,0
0,0,1,0,1
0,1,0,0,0
1,0,0,0,1
1,1,1,0,0
0,0,0,0,1
0,0,1,0,0
0,0,1,0,0
0,1,1,0,1
0,1,1,0,0
1,0,0,0,1
1,0,0,0,0
0,1,1,1,0
1,0,0,0,1
1,0,0,0,1
1,0,0,0,0
0,0,1,0,1
0,1,0,0,0
0,1,1,0,0
1,0,0,0,1
1,1,0,0,0
1,0,0,0,1
0,1,1,0,0
1,0,0,0,0
0,0,1,1,0
0,0,1,0,0
0,0,1,1,0
1,1,1,0,1
1,0,0,0,0
0,1,0,0,0
0,1,1,1,0
1,1,0,0,1
0,0,1,1,0
0,1,0,1,0
0,1,0,0,0
0,0,0,0,1
1,0,0,0,0
0,0,1,0,1
0,1,0,0,0
0,0,1,1,0
0,1,1,0,0
0,1,0,0,0
1,0,1,0,0
0,1,0,1,0
0,1,1,1,0
0,1,1,0,0
0,0,1,1,0
0,1,1,0,0
0,0,1,0,0
0,1,1,0,0
1,0,0,0,0
0,1,0,1,0
0,0,0,0,1
1,0,0,0,1
0,1,1,0,0
0,0,1,0,1
0,0,1,1,1
0,1,1,0,0
0,1,0,0,0
1,0,0,0,0
0,1,0,0,0
0,0,0,0,1
0,0,1,0,0
0,1,1,0,0
0,0,1,0,0
0,0,1,0,0
0,1,0,0,0
0,0,1,1,0
0,0,1,0,0
0,0,0,0,1
0,1,0,1,0
0,0,1,0,0
0,0,1,0,0
0,0,0,0,1
0,0,1,0,0
0,0,1,0,0
1,0,0,0,1
1,1,0,1,0
1,0,1,0,0
1,0,1,0,1
0,1,0,0,0
0,0,1,0,0
0,1,0,0,0
0,0,1,1,0
1,0,1,0,0
0,1,1,0,0
0,0,1,1,0
0,0,0,0,1
0,0,1,0,0
0,0,1,1,0
1,0,0,0,0
0,0,1,0,1
0,0,1,0,0
0,0,1,0,0
0,0,1,1,0
0,0,1,0,0
0,1,1,1,0
0,0,1,0,0
1,0,1,0,0
1,0,1,0,1
0,0,0,0,1
1,0,0,0,1
0,1,0,0,0
0,0,0,0,1
0,0,1,0,0
0,0,0,0,1
1,0,0,0,0
0,0,1,1,0
0,1,1,0,0
0,1,0,0,0
1,1,0,1,0
0,0,0,0,1
0,0,1,1,0
0,1,1,0,0
1,0,0,0,0
1,0,0,0,1
0,1,0,0,0
0,1,0,1,0
0,1,0,0,0
0,0,1,0,0
1,0,1,0,0
0,0,1,0,0
1,1,0,0,0
1,1,0,0,1
0,1,0,1,0
1,1,0,0,0
0,0,1,0,0
1,0,0,0,0
1,0,0,0,0
0,1,1,1,0
1,0,0,0,1
0,0,1,1,0
0,0,0,1,1
0,0,1,0,0
0,1,0,0,0
0,1,1,0,0
0,0,0,0,1
1,0,0,0,1
0,1,1,0,0
1,0,1,0,1
1,0,0,0,1
1,0,1,1,0
0,0,1,0,0
0,1,1,0,0
1,0,1,0,0
0,0,1,1,0
0,1,1,0,0
0,0,1,0,0
1,1,0,0,0
0,0,1,0,0
0,1,1,1,0
0,0,1,0,0
0,1,0,0,0
0,0,1,1,1
0,1,1,0,0
0,1,0,0,0
1,0,1,0,0
0,0,1,0,0
0,1,0,0,0
0,1,0,1,0
0,0,0,0,1
0,0,1,0,0
0,0,1,1,0
0,0,0,0,1
1,0,1,0,0
0,0,1,0,0
1,1,0,1,1
0,0,1,0,0
1,1,0,0,0
0,0,0,0,1
0,0,1,1,0
1,0,1,0,1
1,1,0,0,0
1,0,0,0,1
0,1,0,0,0
0,0,1,0,0
0,1,0,1,0
0,0,1,0,1
1,0,0,0,0
1,0,0,0,1
0,0,1,0,0
1,0,0,0,0
1,0,0,0,0
1,0,0,0,0
0,0,1,0,0
1,0,1,0,1
0,0,1,0,0
1,0,0,0,1
0,1,1,0,0
0,0,1,1,0
1,0,0,0,1
0,1,1,1,0
0,1,0,1,0
0,0,1,1,0
0,0,1,0,0
1,0,0,0,1
0,0,1,0,0
1,0,0,0,0
1,1,1,0,0
0,1,0,1,0
0,1,1,1,0
0,1,0,1,0
0,1,1,1,0
0,1,1,0,0
0,0,1,0,0
0,1,1,1,0
0,0,1,0,1
0,0,0,0,1
0,1,1,0,1
0,1,0,0,0
1,0,0,0,0
0,0,1,1,0
0,1,1,0,0
1,0,1,1,0
0,1,1,1,0
0,1,0,0,0
0,1,0,0,1
1,0,1,0,0
0,0,0,0,1
0,1,0,1,0
0,0,1,1,0
0,1,0,1,0
1,0,1,0,1
0,1,0,0,0
1,0,0,0,1
0,0,1,0,0
0,1,1,0,0
0,1,0,0,0
0,0,1,1,0
0,1,0,0,0
0,1,1,0,0
0,0,1,0,1
0,0,1,1,1
0,1,0,0,0
1,0,1,0,1
0,0,1,0,0
0,0,1,0,0
1,0,0,0,1
1,0,0,0,1
0,0,0,0,1
0,1,0,1,0
0,1,0,0,0
0,1,0,0,1
0,1,0,0,0
0,0,1,0,1
0,1,0,0,0
0,1,0,1,0
0,1,1,1,0
0,0,0,0,1
0,0,1,0,1
0,1,0,0,0
0,1,0,0,1
0,0,0,0,1
0,0,1,1,0
0,0,1,0,0
0,0,1,0,1
0,1,0,1,0
0,0,0,1,0
0,0,1,0,1
1,0,1,0,0
0,1,1,1,0
0,0,0,0,1
0,1,0,0,0
0,0,1,1,0
1,1,0,0,1
0,1,0,1,0
1,0,1,0,0
1,0,1,0,1
0,1,0,1,0
0,0,1,0,0
1,0,0,0,0
0,0,0,0,1
0,0,0,0,1
0,1,0,0,0
0,1,1,1,0
1,0,0,0,0
0,0,1,0,0
0,1,0,1,0
1,0,0,0,0
0,1,1,0,0
0,1,0,0,0
0,1,1,0,0
1,0,0,0,1
0,0,1,0,0
1,0,1,0,1
0,0,1,0,0
0,0,1,1,0
0,0,1,0,0
0,1,0,0,0
0,1,0,0,0
1,1,0,1,0
0,1,1,1,0
0,0,1,1,0
0,0,1,0,0
1,0,0,0,1
1,0,0,0,0
0,0,1,1,0
0,0,0,1,1
0,0,1,0,0
0,1,0,0,0
0,1,0,0,0
0,1,1,1,0
0,0,1,0,0
0,1,0,0,0
0,1,0,0,0
0,0,1,0,0
0,0,1,0,0
0,1,1,0,0
0,1,0,0,0
1,1,1,1,0
0,0,0,0,1
0,0,1,0,0
0,1,0,0,1
0,1,0,1,0
1,0,0,0,0
1,1,0,0,0
1,0,0,0,0
0,0,1,0,1
0,1,1,1,0
0,0,1,0,1
0,1,1,1,0
0,1,0,0,0
0,1,1,0,0
0,0,1,0,0
0,1,1,0,0
0,0,1,1,0
0,0,0,0,1
0,0,0,0,1
0,0,1,0,1
1,0,1,0,1
0,1,1,1,0
0,0,1,0,0
0,0,1,0,0
1,0,0,0,0
0,1,0,0,1
0,1,1,1,0
0,0,1,1,0
0,1,0,0,0
1,0,1,0,0
0,0,1,1,0
1,0,0,0,1
0,0,1,0,1
1,0,0,0,1
1,0,0,0,1
0,1,0,1,0
0,0,0,1,0
0,1,0,0,0
0,1,0,0,1
0,1,0,0,0
0,0,1,0,0
0,0,0,0,1
0,1,1,1,0
0,0,1,0,0
0,1,1,0,0
1,0,0,0,0
0,0,0,0,1
0,1,1,0,0
0,0,1,0,0
0,1,0,1,0
0,1,1,0,0
0,1,1,0,0
0,0,1,0,1
0,1,0,0,1
0,1,1,0,0
0,1,0,1,0
1,0,0,0,1
1,0,1,0,1
1,0,1,0,1
1,0,0,0,1
0,1,1,1,0
1,0,0,1,0
0,0,0,1,0
0,0,1,0,0
1,0,0,0,1
1,0,0,0,0
0,1,1,1,0
0,1,0,0,0
0,0,0,0,1
1,0,0,0,0
1,0,0,0,0
0,1,0,0,0
0,0,1,0,0
1,0,0,0,0
0,0,1,1,0
0,1,0,0,0
1,1,0,0,1
0,0,1,0,0
0,0,0,0,1
0,1,0,1,0
1,0,0,0,1
1,0,1,0,1
0,0,1,0,0
0,0,1,0,0
0,1,1,1,0
0,0,0,0,1
0,0,0,0,1
1,0,1,0,0
0,0,1,1,0
0,0,0,0,1
1,0,0,0,0
1,0,0,0,0
0,0,1,0,0
1,0,0,0,0
0,1,1,1,0
0,1,0,0,0
1,0,0,0,0
0,0,1,0,0
0,0,1,0,0
0,1,0,0,1
0,0,1,0,0
0,0,1,0,0
0,1,1,0,0
1,0,0,0,1
0,0,1,0,0
0,0,0,0,1
1,0,0,0,1
0,0,1,0,0
0,0,1,0,1
0,0,1,0,0
0,0,1,0,0
1,0,0,0,1
0,0,1,0,0
1,0,1,0,0
0,0,1,0,0
0,0,1,0,0
1,0,1,0,0
1,0,1,0,0
1,0,1,0,1
0,0,1,0,0
1,1,0,0,1
0,0,1,0,1
0,1,0,0,0
0,0,1,0,0
0,0,0,0,1
0,0,1,0,0
0,0,0,0,1
0,1,1,0,0
1,0,0,0,1
0,1,0,0,0
1,0,0,0,0
0,1,0,0,0
1,0,0,0,1
1,0,0,0,1
1,0,0,0,1
1,0,0,0,1
0,0,1,0,0
0,0,1,0,1
0,1,1,0,0
1,1,0,0,0
0,1,0,1,0
0,1,1,0,0
0,1,0,1,0
1,0,0,0,1
1,0,0,0,1
0,1,1,0,0
0,0,1,1,1
0,0,1,1,0
0,0,1,0,1
0,0,1,0,0
0,1,0,0,0
1,0,0,0,1
0,0,1,0,0
0,0,1,0,0
0,0,1,0,1
0,0,1,0,0
0,0,1,0,0
1,0,0,0,0
0,0,1,0,1
1,0,1,0,1
0,0,1,1,0
1,0,1,0,0
0,1,1,1,0
1,1,0,0,0
1,0,1,0,0
0,0,1,1,0
0,1,0,1,0
0,0,1,0,1
1,1,0,0,0
0,0,0,1,0
0,0,1,0,0
1,0,0,0,0
0,1,1,0,0
0,1,1,0,0
0,0,1,0,0
0,1,1,0,0
0,0,1,0,0
0,1,0,0,0
1,0,0,0,0
1,0,0,0,0
0,0,1,0,0
0,1,0,1,0
0,0,1,1,0
0,0,1,1,0
1,0,0,0,1
0,0,1,1,0
0,0,0,0,1
0,1,0,0,0
0,1,0,0,0
0,1,1,0,0
0,1,0,1,0
0,0,0,0,1
0,0,1,0,0
0,1,0,0,0
0,1,0,0,0
1,0,0,0,1
1,0,1,0,0
0,1,0,0,0
0,0,0,0,1
0,0,0,0,1
0,1,0,0,0
1,1,0,0,0
0,0,1,0,0
0,0,1,0,0
1,0,1,0,1
0,0,0,0,1
0,0,0,0,1
0,1,0,0,0
0,1,0,0,0
0,0,1,0,0
1,0,0,0,0
0,1,0,0,0
0,0,1,0,0
1,0,0,0,0
1,0,1,0,1
0,0,0,0,1
0,0,1,0,0
0,0,1,0,0
0,1,0,0,0
1,0,0,0,0
0,0,1,1,0
0,0,1,0,0
0,0,0,1,1
0,1,0,0,0
0,0,1,1,0
1,0,0,0,1
1,1,0,0,0
0,1,0,0,0
0,0,1,0,1
0,1,1,1,0
0,0,1,0,0
1,0,1,0,1
0,0,0,0,1
0,0,1,0,0
0,0,1,0,0
0,1,0,1,0
1,0,1,0,0
1,0,0,0,1
0,0,1,0,0
0,0,1,0,0
1,0,1,0,1
0,1,0,0,0
1,0,1,0,0
0,1,1,0,0
1,0,1,0,0
1,0,0,0,1
0,1,1,1,0
0,0,1,0,0
0,0,1,0,0
1,0,0,0,1
0,0,1,0,0
0,0,1,1,0
0,1,0,0,0
0,0,1,0,0
0,0,1,0,0
1,0,1,0,1
0,1,1,0,0
0,1,0,1,0
1,0,0,0,0
0,0,1,0,1
0,1,0,0,0
0,1,0,0,0
0,1,0,0,0
1,0,0,0,0
0,1,0,0,0
0,0,1,0,0
0,0,1,0,0
0,0,0,1,0
0,0,1,0,0
0,1,0,0,0
0,0,1,1,0
1,0,1,0,0
0,0,0,0,1
0,1,0,1,0
0,1,1,0,1
0,1,1,0,0
1,0,1,0,0
1,0,1,0,0
0,0,1,0,0
0,1,0,1,0
0,0,1,0,1
1,0,0,0,1
0,1,0,1,0
0,1,0,0,0
0,1,1,0,0
1,0,1,0,0
1,0,1,0,0
0,0,1,0,0
0,0,1,0,0
0,1,1,0,0
1,0,1,0,1
0,0,0,0,1
0,0,1,0,0
0,1,0,0,0
0,0,0,1,0
0,1,0,1,1
0,0,1,0,1
0,1,0,0,0
0,0,1,0,0
0,1,0,1,0
0,0,1,0,0
1,0,1,0,1
0,1,0,0,0
0,0,1,0,0
1,0,0,0,1
1,1,0,0,0
0,1,0,0,0
0,1,1,0,0
1,0,0,0,1
0,1,0,0,0
1,1,0,0,0
0,0,1,1,0
1,0,1,0,0
0,1,0,0,0
0,1,0,0,0
1,0,0,0,1
0,1,0,0,0
0,0,0,0,1
1,0,1,0,0
0,1,1,1,0
0,1,0,0,0
0,0,1,0,0
1,0,0,0,1
1,0,0,0,1
0,0,0,0,1
1,0,0,0,0
0,0,0,0,1
1,0,0,0,1
0,0,1,0,0
1,0,1,0,0
1,0,1,0,0
0,1,1,1,0
1,0,0,0,1
0,0,1,0,0
0,0,0,0,1
1,0,1,0,0
1,0,0,0,0
0,0,1,1,0
0,1,0,0,0
0,0,1,1,0
0,0,1,0,0
0,0,1,0,0
1,0,1,0,0
0,0,0,0,1
0,0,1,0,0
0,0,1,1,0
0,0,1,0,0
0,0,1,0,1
1,1,0,0,0
0,0,1,0,0
0,1,0,0,1
0,0,1,1,0
0,0,1,0,1
0,0,1,1,0
0,0,1,1,0
0,0,1,0,0
0,1,0,0,0
0,0,1,1,0
0,0,1,1,0
0,0,1,1,1
0,0,1,0,0
0,0,0,0,1
1,0,0,0,1
0,0,1,0,0
0,0,1,0,0
0,1,1,0,0
1,0,0,0,0
0,0,1,1,0
0,1,0,0,0
1,1,0,0,0
0,0,1,0,0
0,0,1,0,0
0,1,0,0,0
0,1,1,0,0
0,1,1,0,0
1,0,1,0,1
1,0,0,0,0
1,0,0,0,0
0,0,1,0,0
1,0,0,0,1
1,0,0,0,1
0,1,0,1,0
1,0,1,0,1
0,1,1,0,1
1,0,0,0,0
0,0,1,0,0
0,0,1,0,0
0,0,1,0,1
0,0,1,0,1
1,0,0,0,0
1,0,1,0,0
0,1,0,0,1
0,1,0,0,0
1,1,0,0,0
0,0,1,1,0
0,1,0,0,0
1,0,0,0,1
0,1,1,0,0
0,0,1,0,1
0,1,0,1,0
1,0,1,0,1
1,0,0,0,0
0,0,1,0,0
0,0,1,0,0
1,0,1,0,0
1,0,1,0,0
0,1,0,0,0
0,0,1,0,1
0,1,0,0,0
1,0,0,0,0
1,1,0,0,0
0,1,0,0,0
1,1,0,0,0
0,1,0,0,0
0,1,0,0,0
0,1,0,0,0
1,0,0,0,0
0,1,0,0,0
0,1,0,0,0
1,0,1,1,0
0,0,0,1,1
0,1,0,1,0
0,1,0,0,1
1,0,1,0,0
1,0,0,0,0
1,0,0,0,1
1,0,1,0,0
0,1,0,1,0
0,0,1,0,1
0,1,1,1,0
0,0,0,0,1
1,1,0,0,0
0,0,0,0,1
0,0,1,0,0
0,1,1,0,0
0,1,1,1,0
0,0,1,0,1
0,0,0,0,1
1,0,1,0,1
0,0,1,1,0
0,1,0,0,0
0,1,0,0,0
0,1,0,0,0
0,0,1,0,1
1,0,0,0,1
0,1,0,0,0
0,0,1,1,0
1,0,0,0,1
0,0,1,0,0
0,1,0,0,0
1,1,0,0,0
0,0,1,0,0
0,0,0,0,1
0,0,1,1,0
1,0,0,0,0
1,0,1,0,0
0,1,0,0,0
0,0,1,0,0
0,1,0,0,0
0,1,0,0,0
0,0,0,0,1
0,1,0,0,0
0,0,1,0,0
0,0,1,1,0
0,0,1,1,0
0,1,0,0,0
0,1,1,1,0
1,0,0,0,1
0,1,1,0,0
1,0,0,0,0
0,1,1,1,0
0,1,1,0,0
1,0,0,0,1
0,1,1,0,0
1,0,1,0,0
0,1,0,1,0
0,0,1,0,0
0,1,0,0,0
0,1,0,1,0
0,1,0,0,0
0,1,0,1,0
0,1,1,1,0
0,0,1,0,0
0,1,0,0,0
0,1,1,0,0
1,0,0,0,1
0,0,1,0,0
0,0,1,0,0
0,0,1,0,0
0,1,0,0,0
0,0,1,0,0
0,0,0,0,1
0,1,0,0,0
0,1,1,0,0
1,1,0,0,0
0,0,1,0,0
0,1,1,0,0
1,0,0,0,0
0,1,0,0,0
1,0,1,1,0
0,0,1,0,0
0,1,0,0,1
0,0,1,0,1
1,1,0,1,0
0,0,1,0,0
0,0,0,0,1
0,1,0,0,0
0,1,0,0,0
1,0,1,0,0
0,1,0,0,0
0,0,1,1,0
0,1,0,0,0
0,0,1,0,1
0,1,1,0,0
0,0,0,0,1
1,0,0,0,0
0,0,0,0,1
1,0,0,0,0
0,1,1,0,0
0,0,1,0,0
0,1,0,0,0
0,1,0,0,0
1,0,0,0,0
0,1,1,1,0
0,0,1,1,0
0,1,0,0,0
1,0,0,0,0
0,1,0,1,0
0,1,0,1,0
0,1,1,0,0
0,0,0,0,1
0,1,1,1,0
0,1,0,0,0
0,1,1,1,0
0,1,0,1,0
0,0,1,1,0
1,0,0,0,0
0,0,1,0,1
1,0,0,0,1
0,1,0,0,1
0,0,1,0,0
0,0,0,0,1
1,0,0,0,1
0,0,1,0,1
1,0,0,0,1
0,1,0,1,0
0,1,1,0,0
0,1,1,1,0
0,0,1,0,1
0,1,0,0,0
1,0,0,0,1
0,1,1,1,0
0,0,1,0,1
0,0,1,0,1
0,0,1,0,0
1,0,0,0,1
0,1,0,0,0
0,0,1,0,1
0,1,0,0,0
1,0,1,0,0
1,0,1,0,1
1,1,0,0,0
0,1,1,0,1
0,1,0,0,0
1,0,1,0,0
0,0,1,0,1
0,1,0,0,1
0,0,1,0,0
0,1,0,0,0
1,0,0,0,1
0,0,1,0,0
0,0,1,0,0
0,0,1,0,1
0,1,0,0,0
0,0,1,0,0
1,0,0,0,0
0,0,0,0,1
1,0,0,0,0
0,0,0,1,0
0,0,1,0,0
1,1,0,0,0
0,1,0,1,0
0,1,0,0,0
0,0,1,0,0
0,1,0,0,0
0,1,0,0,0
1,0,1,0,0
0,0,0,0,1
0,0,0,1,0
0,0,1,1,0
1,1,0,0,0
0,0,1,0,1
0,0,1,0,1
0,1,1,0,0
0,1,0,0,0
1,0,0,0,1
0,0,1,0,0
1,0,0,0,0
0,0,0,0,1
0,0,1,0,0
0,1,1,0,0
0,0,1,0,0
0,0,1,1,0
0,0,1,0,0
0,0,0,1,1
0,0,1,0,0
1,0,1,0,0
1,0,1,0,1
0,0,1,0,0
0,1,0,0,0
0,0,1,0,0
0,1,1,0,0
0,1,0,0,0
0,1,1,0,0
0,1,0,0,0
0,0,1,0,0
0,0,1,0,0
0,1,0,0,0
0,1,0,0,1
0,1,0,0,1
1,0,0,0,0
1,0,1,0,0
1,0,0,0,1
0,1,1,0,0
0,0,0,0,1
0,0,1,1,0
0,0,1,0,0
0,0,1,0,0
1,0,0,0,0
0,1,0,0,0
0,0,1,0,1
0,1,1,1,0
1,0,0,0,1
0,0,1,0,1
0,0,1,0,0
0,1,0,0,0
0,1,0,0,0
0,1,1,0,0
0,0,1,0,0
1,0,0,0,0
0,1,1,1,0
0,1,0,1,0
1,0,0,0,0
0,1,0,1,0
0,0,1,0,0
0,1,1,1,0
0,0,1,1,0
0,0,1,1,0
1,1,0,0,0
1,1,0,0,0
0,0,1,0,0
1,0,0,0,0
1,1,0,0,0
0,1,1,1,0
1,0,1,0,1
0,0,1,0,0
0,0,0,0,1
0,0,0,0,1
0,1,0,0,1
1,0,1,0,0
0,0,1,1,0
0,0,1,1,0
0,0,1,0,0
1,0,0,0,0
1,0,0,0,0
0,0,0,0,1
1,0,0,0,1
0,0,0,0,1
1,1,0,0,0
0,1,1,0,0
0,0,1,0,0
0,1,1,0,0
0,0,1,0,1
0,1,0,0,0
0,0,1,0,0
0,1,0,0,0
0,1,1,0,0
0,1,1,0,0
0,0,1,1,0
0,1,0,0,0
0,0,1,0,0
0,1,0,0,0
1,0,0,0,1
1,0,0,0,1
0,0,1,0,1
0,0,1,0,1
1,0,0,0,1
0,0,1,0,0
0,0,1,1,0
0,0,1,0,0
0,0,0,0,1
0,0,1,0,0
0,1,0,0,0
1,0,0,0,0
1,1,1,0,0
1,0,0,0,1
1,1,0,0,0
0,0,1,0,1
0,1,1,0,0
0,0,1,1,0
0,0,1,0,0
0,0,1,0,0
0,0,1,0,0
0,0,0,0,1
0,1,0,0,0
0,0,1,0,0
0,0,0,0,1
0,1,1,0,0
0,1,0,0,0
0,0,1,0,1
1,1,0,0,0
0,1,1,1,0
1,1,0,0,0
0,0,1,1,0
0,0,1,0,0
0,1,0,0,0
0,0,1,0,0
1,0,0,0,0
0,0,1,0,1
1,1,0,0,0
0,1,1,1,0
0,0,1,0,0
0,0,1,0,0
0,1,1,0,0
0,0,1,1,0
1,0,1,0,0
0,0,1,1,0
0,0,1,0,0
0,1,1,0,0
0,0,1,1,0
0,1,0,0,0
0,1,1,0,0
0,1,1,1,0
0,1,0,0,0
1,1,0,0,0
1,0,1,0,1
1,0,1,0,0
1,0,0,0,1
0,0,1,0,0
0,1,0,0,0
0,1,0,0,0
1,1,0,0,1
1,0,0,0,0
0,0,1,0,0
0,0,1,0,0
1,0,0,0,0
1,0,0,0,0
0,0,1,1,0
0,0,1,1,0
0,1,1,1,0
1,0,1,0,0
0,1,0,1,0
0,1,0,1,0
0,0,0,1,1
1,0,0,0,1
0,0,1,0,0
1,0,1,1,0
0,1,0,0,0
1,0,0,0,1
1,0,1,0,0
0,1,0,1,0
1,0,1,0,0
0,0,1,0,1
1,0,0,0,1
1,1,0,0,0
0,0,1,0,1
0,0,1,0,1
1,0,1,1,1
0,1,1,1,0
0,1,1,0,0
0,1,0,1,0
0,0,1,0,0
0,1,0,1,0
0,0,1,0,1
1,0,1,0,1
0,1,0,0,0
1,0,0,0,0
0,1,0,0,0
1,0,1,0,0
1,0,1,0,0
0,0,0,0,1
1,0,0,0,0
0,0,1,0,0
0,0,1,0,0
1,0,0,0,0
0,0,1,0,1
1,0,0,0,1
0,0,1,0,0
0,1,1,0,0
0,1,1,1,0
0,0,0,0,1
0,0,1,0,0
0,1,0,0,0
1,0,0,0,1
0,0,0,0,1
1,0,1,0,0
0,0,1,0,0
1,0,0,0,1
1,0,0,0,0
0,0,1,0,0
0,1,1,0,0
1,0,0,1,0
0,1,0,0,0
0,1,1,0,0
0,0,1,1,0
1,0,0,0,1
0,0,1,0,0
0,0,1,0,0
0,0,1,0,0
0,1,1,0,0
0,0,1,0,0
0,0,0,0,1
0,1,0,0,0
0,0,0,1,0
0,0,1,1,0
0,1,0,0,0
0,1,1,0,1
0,1,0,0,0
1,0,0,0,1
1,0,1,0,1
0,1,0,0,0
1,0,0,0,0
0,0,1,1,0
1,0,0,0,1
0,0,1,0,0
1,0,1,0,0
0,0,1,0,0
0,1,0,0,0
1,1,0,0,1
1,0,0,0,0
0,0,1,0,1
0,0,1,1,0
0,1,1,0,0
0,0,0,0,1
1,0,1,0,0
0,1,1,0,0
0,0,1,1,1
0,0,1,1,0
0,0,1,0,1
0,1,1,1,0
1,0,0,0,1
0,0,1,0,1
1,0,0,0,1
0,0,1,0,0
0,1,1,0,0
0,0,1,1,0
0,1,0,0,0
1,1,0,0,0
1,0,0,0,0
1,0,0,0,1
1,0,0,0,1
1,1,0,0,0
0,0,1,0,1
0,0,1,1,0
1,0,0,1,1
0,1,0,0,0
0,1,0,1,0
1,0,0,0,1
0,1,0,1,0
0,0,0,0,1
1,1,0,0,1
0,1,0,1,0
1,0,0,0,1
0,0,1,0,0
1,0,0,0,1
0,1,1,1,0
0,1,1,1,0
1,0,1,0,0
1,0,0,0,1
0,1,1,0,0
0,1,0,1,0
0,1,0,0,0
1,0,1,0,0
0,0,1,0,1
0,0,1,0,1
0,0,1,0,0
0,1,0,1,0
0,0,1,1,0
1,0,0,0,1
0,0,1,0,1
0,1,1,0,0
0,0,0,0,1
0,1,1,0,0
0,1,0,0,0
1,0,0,0,0
0,1,1,0,0
0,0,0,1,0
1,0,1,0,1
0,1,0,1,0
0,0,0,0,1
1,1,0,0,0
0,0,1,0,1
0,1,0,0,0
0,0,1,0,1
0,0,1,0,0
0,1,0,0,0
0,1,1,1,0
0,1,1,0,0
1,0,1,0,0
0,0,1,0,0
0,0,1,1,0
0,1,1,1,0
0,1,1,0,0
0,0,1,0,0
0,0,1,1,0
0,1,1,1,0
0,1,1,1,0
0,0,1,1,0
0,0,1,0,1
0,1,0,0,0
0,0,1,1,0
0,1,0,0,0
0,0,1,0,0
0,1,0,0,0
1,0,1,0,1
0,0,0,0,1
0,0,1,0,0
0,0,1,0,0
0,1,1,1,0
0,1,1,1,0
0,0,1,0,0
1,0,0,0,1
1,1,0,0,0
0,1,0,1,0
0,0,1,0,1
0,0,0,0,1
0,0,1,0,0
0,1,0,0,0
0,1,0,0,0
1,0,0,0,1
1,0,0,0,0
1,0,0,0,1
0,1,0,0,0
1,1,0,0,0
0,1,1,1,0
0,0,1,0,0
1,0,0,0,0
1,0,0,0,1
1,0,0,0,0
0,0,1,0,0
1,1,0,0,0
0,1,0,0,0
0,1,0,0,0
0,0,1,1,0
1,1,0,0,0
0,0,1,1,0
1,0,0,0,1
0,0,1,0,0
0,1,1,1,0
0,0,1,0,0
0,1,1,1,0
1,0,0,0,1
1,0,0,0,0
0,0,1,1,0
1,0,0,0,0
0,0,1,1,0
0,0,1,0,0
1,0,1,0,1
0,0,1,0,0
0,0,1,1,0
0,0,1,0,0
1,0,0,0,0
0,1,0,0,0
0,0,1,0,1
1,0,0,0,1
1,0,0,0,1
0,0,1,0,1
1,0,0,0,0
1,0,0,0,0
1,0,0,0,0
0,0,0,0,1
0,0,1,0,0
0,1,1,0,0
0,0,0,0,1
1,1,0,0,0
1,0,0,0,0
0,1,1,0,0
0,0,1,0,0
0,1,0,0,0
0,0,1,0,0
1,1,0,0,0
0,0,1,0,0
1,0,0,0,1
0,0,1,0,0
1,0,0,0,0
0,0,1,0,0
1,0,0,0,0
0,0,0,0,1
0,0,0,0,1
0,0,1,1,1
0,0,1,0,1
0,0,1,0,0
0,0,1,1,0
0,0,1,0,0
0,0,1,0,0
0,0,1,0,0
0,0,0,0,1
0,0,0,0,1
0,1,1,1,0
0,0,1,1,0
0,0,1,0,0
0,1,0,0,0
0,0,0,0,1
1,0,1,0,0
0,0,1,0,0
1,0,1,0,0
0,0,1,0,0
0,0,1,0,0
0,1,0,1,0
1,0,1,0,0
1,0,0,0,0
0,0,0,0,1
1,0,1,0,0
0,0,1,0,1
0,0,0,1,1
1,0,1,0,0
0,1,0,0,0
0,0,1,1,0
0,0,0,0,1
0,0,1,1,0
1,0,1,0,0
0,1,0,1,0
1,1,1,0,0
0,1,0,1,0
1,0,0,0,0
0,1,0,0,0
0,1,0,1,0
0,0,1,1,0
0,0,1,0,1
0,1,0,0,0
1,0,0,0,1
0,1,0,0,0
0,1,0,0,0
0,0,1,1,0
0,1,0,0,0
0,1,0,1,1
1,0,1,0,0
0,0,1,0,0
1,0,1,0,0
0,0,0,0,1
0,1,0,0,0
0,0,0,1,1
1,0,0,0,1
0,0,1,0,0
1,0,0,0,1
0,1,0,0,0
0,0,1,0,1
0,0,1,0,0
0,1,0,0,0
0,0,0,0,1
0,0,1,1,0
0,1,0,0,0
0,0,1,1,0
1,0,0,0,0
1,0,0,0,1
0,1,0,1,0
1,0,0,0,0
0,0,1,0,0
0,1,0,0,0
0,1,0,0,0
0,0,0,1,0
0,0,1,0,0
0,1,0,0,0
0,1,1,0,0
0,0,1,1,0
0,1,0,1,0
1,0,0,0,1
0,0,1,0,1
1,0,1,0,0
0,1,0,0,0
1,0,0,0,1
0,1,0,1,0
0,0,1,0,1
0,0,1,0,0
0,0,1,0,0
1,0,0,0,1
1,0,1,0,0
1,1,0,0,0
1,0,0,0,0
0,0,1,0,0
0,1,0,0,0
1,0,0,0,1
0,1,0,1,0
1,0,1,0,0
0,0,1,0,1
0,0,1,1,1
1,0,1,1,0
0,1,0,1,0
0,1,1,0,0
0,0,1,0,0
0,0,0,0,1
0,0,1,0,0
0,0,0,0,1
0,0,0,0,1
1,0,0,0,1
0,1,1,0,0
0,0,1,0,1
0,1,0,0,0
1,0,0,0,1
0,0,1,0,0
0,0,0,0,1
0,1,0,0,0
0,0,0,0,1
0,0,1,0,0
0,0,0,1,0
0,0,1,0,1
0,1,1,1,0
1,0,1,0,1
0,1,1,1,0
0,1,0,1,0
0,1,1,1,0
0,0,1,0,0
0,0,1,0,0
0,1,0,1,0
0,0,1,0,1
0,1,0,0,0
1,1,0,0,0
1,0,1,0,0
0,1,1,1,0
0,1,0,0,0
0,0,1,1,0
0,1,1,0,0
0,0,1,0,1
1,1,0,0,0
0,1,0,0,0
0,0,1,0,0
0,1,1,0,0
0,0,1,1,0
1,0,0,0,1
0,0,0,1,1
0,0,0,1,0
1,1,1,0,0
0,0,1,1,0
0,0,1,0,0
1,1,1,0,0
0,0,0,0,1
0,0,0,0,1
1,0,0,0,1
0,1,0,0,0
0,0,1,0,0
0,0,0,0,1
0,1,0,0,0
0,0,1,1,0
0,0,1,1,0
1,0,1,0,0
0,1,1,0,0
0,0,1,0,0
0,0,1,0,0
1,1,0,0,0
1,0,0,0,0
0,1,0,0,0
0,0,0,1,0
0,0,0,0,1
0,0,1,0,0
0,1,0,0,0
0,1,1,1,0
0,1,0,1,0
0,0,1,0,0
1,0,1,0,1
0,0,0,0,1
0,0,1,0,0
0,1,1,0,0
0,0,1,0,0
0,0,0,1,1
0,1,1,0,0
1,0,1,0,1
1,1,0,0,0
0,0,1,0,0
0,0,1,0,0
1,0,0,0,1
0,1,1,0,0
0,0,0,0,1
0,0,0,0,1
0,0,1,0,1
1,0,0,0,1
0,0,1,0,0
1,0,1,0,0
0,1,1,0,0
0,0,1,1,0
0,0,0,0,1
1,0,1,0,0
0,0,0,0,1
1,1,0,0,0
0,1,0,1,0
0,1,0,0,0
0,0,1,0,0
0,0,0,0,1
0,1,0,0,0
1,0,0,0,1
0,0,1,0,0
0,0,1,0,0
1,1,1,0,0
1,0,0,0,0
1,0,0,0,0
0,0,1,0,0
0,0,1,0,0
0,1,1,1,0
0,0,1,0,0
0,1,0,0,0
1,0,0,0,0
0,1,0,0,0
1,0,0,0,1
0,1,1,0,0
0,1,1,0,0
0,1,0,0,1
1,0,0,0,1
0,1,0,1,0
1,0,1,0,1
0,1,0,0,0
0,0,0,0,1
0,1,0,1,0
0,1,0,1,0
1,0,1,0,0
1,0,0,0,0
0,1,1,1,0
0,1,1,1,0
1,0,0,0,0
0,1,0,1,0
0,0,0,1,1
0,0,1,0,0
1,0,0,0,1
1,0,1,0,0
1,0,1,0,0
0,1,0,1,0
0,0,1,0,0
1,1,1,0,0
0,1,0,0,0
0,1,1,1,0
0,1,0,0,1
1,0,0,0,0
0,0,1,0,0
0,1,0,0,0
0,0,1,1,0
0,0,0,0,1
0,1,0,0,0
0,0,1,0,0
0,1,0,1,0
0,0,1,0,1
1,0,0,0,0
0,0,1,0,0
0,0,0,0,1
0,0,1,0,1
1,0,1,0,0
0,1,0,0,0
0,0,1,0,0
0,0,1,1,0
1,1,0,0,0
0,1,0,0,0
1,0,0,0,1
0,1,1,0,0
1,0,0,0,1
0,0,0,0,1
1,0,0,0,0
0,0,1,0,0
0,1,1,1,0
0,1,0,0,0
0,0,1,1,0
0,0,1,1,0
0,1,0,0,0
0,0,1,0,0
0,1,0,0,0
0,0,1,0,0
0,0,1,0,0
0,1,0,1,0
1,0,0,0,0
0,0,1,0,0
0,0,1,0,0
0,0,1,1,0
0,0,1,0,0
1,1,0,0,0
1,0,0,0,0
0,0,0,0,1
1,1,0,0,0
0,0,1,0,0
0,1,1,1,0
0,1,0,0,0
0,0,1,0,1
1,0,0,0,1
1,0,0,0,1
0,0,1,0,1
0,1,0,0,0
0,1,1,1,0
0,1,0,0,0
0,0,0,0,1
0,1,1,0,0
1,1,0,0,0
1,1,0,0,0
0,0,0,0,1
0,0,1,0,1
0,1,0,0,0
0,0,1,0,1
1,0,0,0,1
0,1,0,0,0
0,1,1,0,0
1,1,0,0,0
0,1,0,1,0
0,0,1,0,0
1,0,1,0,0
0,0,1,0,1
1,0,0,0,1
0,0,1,1,0
1,0,0,0,0
0,0,0,1,0
0,0,0,0,1
0,1,0,1,0
0,0,1,0,0
0,0,1,0,0
0,0,0,0,1
0,1,0,0,0
0,0,0,0,1
0,0,1,0,0
0,0,0,0,1
0,0,1,0,0
0,1,0,1,0
0,0,1,1,0
0,1,0,0,0
0,0,1,0,0
1,0,0,0,1
0,0,0,0,1
0,1,1,0,0
0,1,0,0,0
1,0,0,0,0
0,0,0,0,1
0,1,1,0,0
0,1,1,1,0
0,0,1,0,1
0,1,0,0,0
0,1,0,0,0
1,0,0,0,1
1,0,0,0,0
1,0,1,0,1
0,1,1,1,0
0,1,1,1,0
1,0,1,0,1
0,0,0,0,1
1,0,0,0,1
0,0,1,0,1
0,1,0,1,0
0,1,0,0,0
0,0,1,0,0
0,1,0,1,0
0,1,1,0,0
0,0,1,1,0
0,1,1,0,0
0,0,1,1,0
1,1,0,0,0
0,0,1,1,0
1,0,1,1,1
0,0,1,0,1
0,1,0,0,0
0,0,1,1,0
0,1,1,1,0
0,0,1,0,0
0,0,1,0,1
0,0,1,1,0
1,0,1,0,0
0,1,1,0,0
0,1,0,0,0
0,0,1,0,0
0,1,1,1,0
1,1,0,0,0
0,0,1,0,1
1,0,0,0,1
0,0,1,0,1
1,0,0,0,1
0,0,1,0,1
0,0,1,0,1
1,0,1,0,0
0,0,1,0,0
0,0,1,0,1
1,0,0,0,0
0,1,0,1,0
1,0,1,0,0
1,0,1,0,1
0,0,0,0,1
0,0,1,0,1
0,0,1,0,0
0,0,0,0,1
0,0,1,0,0
1,0,0,0,0
0,1,0,0,0
0,0,0,0,1
0,0,1,0,1
0,1,0,1,0
0,0,1,1,0
0,0,1,0,0
0,0,0,0,1
0,0,1,0,1
0,0,1,0,1
0,0,0,0,1
0,1,0,1,0
0,0,1,0,0
1,0,0,0,0
1,1,0,0,1
1,0,1,0,0
0,0,1,0,1
0,1,0,0,0
0,0,1,0,0
0,1,0,0,0
0,0,0,0,1
0,0,1,0,1
0,1,0,0,0
0,0,1,1,0
0,1,1,0,0
0,0,0,0,1
0,1,0,1,0
0,0,1,0,0
0,0,1,0,0
1,0,0,0,0
0,0,1,0,0
0,0,0,1,0
0,0,1,0,0
1,0,0,0,0
1,0,0,0,1
0,1,1,0,0
0,0,1,1,0
1,1,0,0,0
1,0,1,0,1
0,0,0,0,1
1,0,0,0,1
1,1,1,0,0
1,0,0,0,0
1,0,0,0,1
0,0,1,0,0
0,1,1,0,0
0,1,1,0,0
0,0,1,1,0
0,1,1,1,0
0,0,1,0,0
0,0,1,0,1
0,1,0,0,0
0,1,1,0,0
1,0,1,0,0
0,1,0,0,0
0,1,0,0,0
0,0,1,0,0
1,0,0,0,0
0,0,1,1,0
1,1,0,0,0
0,1,1,0,0
1,0,1,0,0
0,0,1,0,0
1,0,1,0,1
1,0,0,0,1
0,0,1,0,0
0,0,1,1,0
0,1,0,1,0
0,1,1,0,0
0,0,1,1,0
1,0,0,0,0
0,0,1,0,0
1,0,0,0,0
0,0,1,0,1
0,1,1,0,0
0,1,0,0,0
0,0,1,0,0
0,1,1,1,0
0,0,1,0,0
0,1,0,1,0
0,0,1,0,0
0,1,1,0,0
1,0,0,0,1
0,0,1,0,0
1,1,0,0,0
0,0,1,1,0
0,0,1,0,0
0,0,0,0,1
0,1,0,1,0
0,1,0,0,0
0,1,0,0,0
1,0,0,0,0
0,0,1,0,1
0,1,0,1,0
1,0,1,0,0
0,0,1,0,1
0,1,0,0,0
1,0,1,0,0
0,0,1,0,0
1,0,1,0,1
0,1,0,0,0
1,1,0,0,0
1,0,0,0,1
1,0,0,0,1
0,0,1,0,0
0,0,1,0,0
0,1,0,1,0
1,1,0,0,0
0,1,1,1,0
0,1,0,0,0
0,0,1,0,0
0,0,1,0,0
0,0,1,0,1
0,1,0,1,0
0,1,1,0,0
1,0,1,0,0
0,0,1,0,0
1,0,0,0,1
0,0,1,1,0
1,0,1,0,0
1,0,0,0,0
0,0,0,0,1
0,0,1,0,0
0,0,1,1,0
0,0,1,1,0
0,0,1,0,0
0,0,1,0,1
0,0,1,1,0
0,0,0,0,1
0,1,1,0,0
0,1,0,0,0
0,1,0,1,0
0,0,1,1,0
0,0,0,0,1
0,1,0,0,0
0,1,0,0,0
0,1,0,0,0
0,0,0,0,1
0,1,1,1,0
0,0,1,0,0
0,1,1,1,0
0,0,1,0,1
0,0,1,0,0
0,1,1,0,0
0,0,1,0,0
0,0,1,0,0
0,0,1,1,0
0,1,0,0,0
0,1,0,0,0
0,1,1,0,0
0,0,1,1,0
0,0,1,0,0
0,1,0,1,0
0,1,0,0,0
0,0,0,0,1
0,1,0,1,0
0,0,0,1,0
1,0,0,0,0
1,0,0,0,0
0,1,0,0,0
1,0,0,0,1
1,1,0,0,0
0,0,1,0,0
1,0,0,0,1
0,1,0,0,0
0,0,1,1,0
0,1,0,1,0
0,0,1,0,0
0,0,1,0,0
1,0,0,0,0
1,1,0,0,0
0,1,1,0,0
0,1,1,0,0
0,1,0,0,0
0,0,0,0,1
1,0,0,0,0
0,1,0,1,0
0,0,0,0,1
1,0,0,0,1
0,0,1,0,0
0,1,1,0,0
0,0,0,0,1
0,0,0,0,1
0,0,1,0,0
0,0,1,1,0
0,1,0,0,1
0,0,1,0,0
1,0,0,0,0
1,0,1,0,0
0,0,0,1,0
0,1,0,0,0
0,1,1,0,0
0,1,0,1,0
1,0,0,0,1
0,1,0,0,0
0,1,0,1,0
0,1,0,0,0
0,0,1,0,1
1,0,0,0,1
1,1,0,0,1
0,0,1,0,0
0,0,0,0,1
0,0,1,0,0
0,1,0,1,0
0,0,1,0,1
1,0,1,1,0
0,0,1,0,0
0,1,0,0,0
0,1,0,0,0
1,0,0,0,0
1,1,0,0,0
0,0,1,0,1
0,0,1,1,0
1,0,0,0,0
0,1,0,0,0
0,0,1,0,1
1,0,0,0,1
1,0,0,0,0
0,0,1,0,0
0,0,1,0,0
1,0,0,0,1
0,0,0,0,1
1,0,0,1,0
1,1,0,0,0
1,0,1,0,0
0,0,1,0,1
0,0,1,0,0
0,0,0,0,1
0,1,1,0,0
0,1,0,0,0
1,0,1,0,1
0,0,1,1,0
0,0,1,0,0
1,0,0,0,1
0,1,1,1,0
0,0,1,0,0
1,0,0,0,0
0,1,0,0,0
0,0,1,0,0
0,0,1,0,0
1,1,0,0,0
0,0,0,0,1
0,1,0,1,0
0,1,1,0,0
0,0,1,0,0
0,0,1,0,0
1,0,0,0,1
0,0,1,1,0
0,0,1,0,0
0,0,1,1,0
1,0,0,0,0
1,0,1,0,0
0,0,1,0,0
1,0,0,0,0
0,1,1,0,0
1,0,0,0,1
1,0,0,0,0
0,0,1,0,0
0,1,0,0,0
1,1,0,0,0
0,0,1,0,0
0,1,0,1,0
0,1,0,0,0
0,0,1,0,0
1,1,0,0,0
1,1,1,0,0
0,0,0,0,1
1,1,0,0,0
0,0,1,0,0
0,1,0,0,0
1,0,0,0,1
0,1,0,0,0
0,1,0,1,0
0,0,1,0,0
0,1,1,0,0
1,0,0,0,0
0,0,1,1,1
0,0,1,0,0
0,1,0,1,0
0,1,0,0,0
1,0,0,0,0
0,0,1,0,0
0,0,1,1,0
0,1,1,0,0
0,1,0,0,0
1,0,1,0,0
0,1,0,0,0
0,1,0,0,0
0,0,1,0,1
0,0,0,0,1
0,0,1,0,0
0,1,0,0,0
0,1,0,0,0
0,0,1,0,1
0,1,0,0,0
0,0,1,0,0
0,0,1,0,0
0,1,1,0,0
0,1,0,1,0
1,0,1,0,0
0,1,1,0,0
0,0,1,0,0
0,0,1,1,0
0,0,0,0,1
1,0,0,0,1
1,0,1,0,1
0,0,1,0,0
0,1,0,0,0
0,0,0,0,1
0,0,0,1,0
0,0,1,0,0
0,1,0,0,0
0,1,0,0,0
1,0,0,0,0
1,0,1,0,0
0,1,0,1,0
0,1,0,1,0
0,1,0,0,0
1,1,0,0,0
0,0,0,0,1
0,0,1,1,0
0,1,1,1,0
0,1,0,1,0
0,1,1,1,0
0,0,0,0,1
1,0,0,0,0
0,1,1,1,0
1,0,0,0,0
0,1,0,1,0
0,1,0,0,0
0,1,0,0,0
0,0,1,0,0
0,1,0,0,0
0,1,0,0,0
0,1,1,0,1
0,0,1,0,0
0,1,0,0,0
0,1,1,0,0
0,0,1,1,0
0,0,1,0,0
0,0,0,1,0
0,0,1,1,1
0,0,1,0,0
0,0,1,1,0
1,1,0,0,0
0,1,1,0,0
0,0,1,1,0
0,0,1,0,1
0,1,0,0,0
0,1,0,0,0
1,0,0,0,1
0,1,0,1,0
0,1,0,1,0
0,1,0,0,0
0,0,1,0,0
1,0,0,0,1
0,0,0,0,1
1,1,0,0,0
0,1,0,1,0
0,1,0,1,0
1,0,1,1,1
1,0,0,0,1
0,0,1,0,1
1,0,0,0,1
0,1,0,0,0
0,1,0,0,0
0,1,1,1,0
0,0,0,0,1
0,1,0,0,0
1,1,0,0,0
0,0,1,0,0
0,1,0,1,0
0,0,0,1,0
1,0,1,0,1
0,1,1,1,0
0,0,1,1,0
1,0,1,0,0
0,1,0,1,0
0,0,1,1,1
0,1,0,1,0
0,1,1,0,0
0,0,1,0,0
1,1,0,0,0
1,0,0,0,1
1,0,0,0,1
0,1,0,1,0
1,1,0,0,0
0,0,0,0,1
0,0,0,0,1
1,0,1,0,1
0,0,0,0,1
0,1,0,0,0
0,0,0,0,1
0,0,1,0,0
0,1,1,0,0
0,1,0,1,0
1,0,0,0,0
0,1,0,0,0
0,1,1,0,0
0,0,0,0,1
0,0,1,0,0
0,1,0,0,0
0,0,1,0,0
0,0,1,0,1
1,0,0,0,1
0,0,1,0,0
0,0,0,0,1
0,0,1,0,0
0,0,0,0,1
0,1,0,0,0
1,0,1,0,0
0,1,0,0,0
0,1,0,1,0
0,0,1,0,0
1,1,0,0,0
1,0,1,0,0
1,0,1,0,0
1,1,0,0,1
0,0,1,0,1
0,1,1,1,0
0,0,1,0,0
0,1,0,0,0
0,0,0,1,0
0,1,0,0,0
0,0,1,0,1
0,1,0,0,0
0,1,0,1,0
0,1,1,0,0
0,1,1,0,0
0,0,1,1,0
0,0,1,0,0
0,1,0,1,0
0,1,0,0,0
0,1,1,1,0
1,0,1,0,1
0,0,1,0,0
0,1,1,0,0
1,1,0,0,0
0,0,0,0,1
1,0,1,0,0
0,0,1,0,1
0,1,0,0,0
0,0,1,0,0
0,1,0,1,0
0,0,1,1,0
0,1,0,1,0
0,1,0,0,0
0,1,0,0,0
0,0,1,1,0
0,1,0,0,0
1,0,0,0,1
1,0,0,0,1
0,1,1,0,0
0,0,0,0,1
0,0,0,0,1
0,0,1,0,1
0,1,0,0,0
0,1,1,1,0
0,1,1,0,0
0,1,0,0,0
0,0,0,0,1
1,0,0,0,0
0,1,1,0,0
1,0,0,0,1
0,0,0,0,1
0,1,0,0,0
0,1,0,0,0
0,1,1,0,0
1,0,1,0,1
1,0,0,0,1
0,0,1,0,0
0,1,1,0,0
0,1,1,1,0
1,0,0,0,0
0,1,1,0,0
0,1,0,1,0
0,0,1,0,0
0,0,0,0,1
0,0,0,0,1
0,0,1,0,0
0,0,1,0,0
0,1,1,0,0
0,1,0,0,0
0,0,1,0,1
1,0,1,0,0
1,0,1,0,0
0,0,1,0,0
1,0,0,0,0
0,1,0,1,0
0,0,1,0,0
0,0,1,0,0
0,0,1,0,1
0,1,0,0,0
0,1,0,0,0
1,0,1,0,1
0,1,0,0,0
0,0,1,0,0
0,0,1,0,1
0,1,1,0,0
0,0,1,0,1
1,0,0,0,1
0,1,1,1,0
1,0,0,0,1
1,0,0,0,0
1,1,0,1,0
1,0,0,1,0
1,1,0,0,0
0,0,1,0,1
0,1,0,0,0
1,1,0,0,0
0,1,0,0,0
0,0,0,0,1
0,0,0,0,1
1,0,1,0,1
0,1,0,0,0
0,1,0,1,0
0,0,1,0,0
0,1,0,0,0
0,0,1,0,0
0,1,0,0,0
0,1,0,0,0
1,0,0,0,1
0,0,1,0,1
0,1,0,1,0
0,0,0,0,1
0,1,0,1,0
1,1,0,0,0
0,1,1,1,0
0,0,0,1,0
0,1,0,1,0
0,1,1,1,0
0,0,1,1,0
0,0,1,0,0
0,0,1,0,0
0,1,0,0,0
0,0,1,0,0
0,0,0,0,1
1,1,0,0,0
1,0,0,0,1
0,1,0,0,0
0,1,1,1,0
0,1,0,0,0
0,0,1,1,0
1,1,0,0,0
0,0,0,0,1
0,0,1,0,1
0,0,1,1,0
1,1,0,0,0
0,0,1,0,0
1,1,0,0,0
0,1,0,0,0
0,1,0,0,1
0,1,0,0,0
0,1,0,0,0
1,1,0,0,0
0,0,1,0,0
1,0,0,0,1
1,0,0,0,0
1,0,1,0,0
1,0,0,0,0
0,0,1,0,0
0,0,0,0,1
0,0,1,0,1
1,1,1,0,1
1,1,0,0,0
0,1,1,0,0
1,0,1,0,0
0,1,1,1,0
0,0,1,0,0
0,0,1,0,0
0,0,1,0,1
1,0,0,0,0
0,0,0,1,0
0,0,1,0,1
0,0,1,1,0
0,0,1,0,0
1,0,0,0,0
0,0,1,0,0
0,0,1,1,0
0,1,1,0,0
0,0,1,0,0
0,1,0,0,0
0,1,0,0,0
0,1,0,0,0
0,0,1,1,0
1,0,1,0,1
0,1,0,0,0
0,1,0,0,0
0,0,1,1,0
0,1,0,1,0
0,0,1,0,0
1,0,1,0,0
1,1,0,0,0
0,1,0,0,0
0,0,1,0,0
0,0,1,0,0
0,1,1,0,0
0,0,1,0,1
1,0,1,0,1
0,1,1,0,0
0,1,0,0,0
0,1,1,0,0
1,0,1,0,0
1,1,0,0,0
0,1,0,0,0
1,0,0,0,1
0,1,1,0,0
0,1,0,0,0
1,0,0,0,1
0,1,1,0,0
0,0,1,0,0
0,1,0,0,0
0,1,0,1,0
0,1,1,0,0
0,0,1,0,0
0,1,0,0,0
1,0,1,0,0
0,1,1,0,0
0,0,1,1,0
0,1,0,0,0
0,0,0,0,1
0,0,1,0,0
0,1,1,0,0
1,0,0,0,1
0,1,1,0,0
0,1,0,0,0
0,1,1,1,0
1,0,0,0,0
0,0,1,0,0
0,1,0,0,0
0,1,1,0,0
0,0,1,0,0
0,0,1,0,0
0,0,1,0,1
1,0,0,0,0
1,0,0,0,0
0,0,1,0,1
1,0,0,0,0
1,0,0,0,0
0,1,0,1,0
0,1,0,0,0
1,0,0,0,1
0,0,1,1,0
1,0,0,0,1
0,0,0,1,0
0,0,1,0,0
0,0,1,1,0
0,0,1,0,1
0,1,0,0,0
0,0,0,0,1
0,0,0,0,1
1,1,0,0,0
0,1,0,0,1
0,0,1,0,0
1,0,0,0,0
0,0,1,0,0
0,0,1,0,1
1,0,0,0,1
0,0,1,1,0
0,0,0,0,1
0,0,1,0,0
1,0,0,0,1
0,1,1,0,0
0,1,0,0,0
1,0,0,0,0
0,0,1,0,0
0,1,0,0,0
0,1,1,0,0
0,1,0,0,0
1,0,1,0,0
0,0,1,0,0
0,0,1,0,1
1,0,0,0,0
0,0,1,0,0
1,0,0,0,0
0,1,0,0,0
0,1,0,0,0
0,0,0,0,1
0,0,0,0,1
0,0,1,1,0
0,0,1,0,0
0,1,1,1,0
0,1,1,0,0
0,1,0,1,0
1,0,0,0,1
1,1,1,0,0
0,0,0,0,1
0,0,1,1,0
0,0,0,1,1
0,1,1,0,0
0,0,0,0,1
0,1,0,0,0
0,0,1,0,0
1,0,0,0,0
0,0,0,0,1
1,1,0,0,0
0,1,0,0,0
0,0,1,0,0
0,0,1,1,0
0,1,0,0,0
0,1,0,0,0
0,0,1,0,0
0,1,0,0,0
0,0,1,0,1
0,1,1,0,0
1,0,1,0,0
0,0,1,1,0
0,1,0,0,0
0,1,0,0,0
1,0,1,0,0
0,0,1,0,0
0,1,0,0,0
0,0,1,0,0
0,1,1,1,0
0,0,1,1,0
1,0,0,0,1
0,0,1,0,0
0,1,0,0,0
0,0,1,0,0
0,1,0,0,0
0,0,1,0,0
1,0,0,0,1
0,1,0,0,0
0,0,1,0,0
0,0,1,0,1
1,0,0,0,1
0,0,1,0,0
1,0,0,0,1
1,1,0,0,1
0,1,0,0,0
0,0,1,0,1
1,0,0,0,0
0,1,0,0,0
0,0,1,0,0
0,1,0,1,0
0,1,0,1,0
0,0,1,0,1
0,1,0,0,0
0,1,0,0,0
1,0,0,0,1
1,0,1,0,0
0,0,0,0,1
0,1,0,0,0
0,0,1,0,1
1,0,0,0,0
0,1,1,0,0
0,1,0,0,0
0,0,1,0,1
0,0,0,1,1
0,0,1,0,0
0,1,0,0,0
0,0,1,0,0
1,0,0,0,0
0,1,1,0,0
1,1,0,0,0
0,1,0,0,0
0,1,1,1,0
1,0,0,0,1
1,0,1,0,0
0,0,1,0,0
0,0,1,0,1
1,0,0,0,0
0,1,0,0,0
0,0,1,0,1
0,0,1,0,1
0,1,1,1,0
0,0,0,0,1
0,1,1,0,0
0,0,1,0,1
0,1,0,0,1
0,1,0,0,0
1,0,0,0,1
1,0,0,0,1
1,1,0,0,0
0,1,1,1,0
0,1,0,0,0
0,1,0,0,0
0,1,1,0,0
0,0,1,0,0
0,1,1,0,0
0,0,1,0,0
1,0,0,0,1
1,0,0,0,0
1,0,0,0,0
0,0,1,0,0
0,1,0,0,0
0,1,1,1,0
0,0,1,0,0
0,1,1,0,0
0,0,1,0,0
0,0,0,0,1
0,0,1,0,0
1,0,0,0,1
0,0,1,0,0
0,1,0,0,0
0,0,1,0,0
0,1,1,0,0
1,0,0,0,1
0,1,0,0,0
0,0,1,1,0
1,0,0,0,1
0,0,1,1,0
1,0,1,0,0
0,0,0,0,1
1,0,0,0,1
0,1,1,0,0
0,1,0,1,0
0,0,1,1,0
1,0,1,1,0
1,0,0,0,0
0,0,1,0,0
0,0,1,0,0
1,0,0,0,1
0,0,0,0,1
1,0,1,0,0
1,0,0,0,1
0,0,1,0,0
0,0,1,1,0
1,1,0,0,0
1,0,0,0,1
1,0,0,0,1
0,1,1,0,0
0,1,0,0,0
0,0,0,0,1
1,0,0,0,1
1,0,0,0,1
1,0,0,0,0
0,0,1,0,0
0,1,0,0,0
1,0,0,0,0
1,1,1,0,0
0,0,1,0,1
0,1,0,0,0
0,1,0,1,0
0,1,0,0,0
1,0,0,0,1
0,0,1,0,0
1,0,0,0,0
1,1,1,0,0
0,0,1,1,0
1,1,0,1,0
0,1,0,0,0
0,0,0,0,1
0,0,1,0,0
0,0,1,0,0
1,0,1,0,0
0,1,0,1,0
0,1,0,0,0
0,1,1,0,0
1,1,0,0,0
0,1,1,1,0
0,0,1,0,0
1,0,1,0,1
1,1,0,0,1
1,1,1,0,0
0,0,1,0,1
1,0,0,0,0
0,0,1,0,0
1,0,0,0,1
0,1,1,0,0
1,0,1,0,0
0,1,1,1,0
0,0,1,1,0
1,1,0,0,0
0,1,1,0,0
1,0,1,0,0
0,1,0,0,0
0,0,1,0,0
1,0,0,0,0
0,1,0,0,0
1,1,0,1,0
1,0,1,0,1
1,0,0,0,0
0,1,1,0,0
0,0,1,0,0
0,0,1,1,0
0,0,1,0,1
1,0,1,0,0
1,1,0,0,0
0,1,1,0,0
1,0,0,0,1
0,0,1,0,0
1,0,0,0,0
0,1,0,0,0
0,1,0,0,0
0,0,1,1,0
0,0,1,1,0
0,0,1,0,0
0,1,0,0,0
0,1,0,0,0
0,1,1,0,0
0,0,1,1,0
1,0,1,0,0
1,0,0,0,1
0,0,1,0,0
1,0,0,0,1
0,0,1,1,0
1,0,0,0,0
0,1,1,1,0
0,0,0,0,1
1,0,0,0,1
0,1,0,0,0
0,0,1,0,0
0,0,1,0,0
0,0,1,0,0
0,1,0,0,0
0,1,0,0,0
0,1,0,1,0
0,1,1,0,0
0,1,0,0,0
0,0,1,0,0
1,0,0,0,0
0,0,1,0,0
0,1,1,0,0
0,0,0,0,1
0,1,0,0,0
0,0,1,0,1
1,1,0,0,0
0,1,0,0,1
0,1,0,0,0
0,0,1,1,0
0,0,1,0,1
0,0,1,0,0
0,0,1,0,0
1,0,1,0,1
0,1,1,0,0
1,0,0,0,1
0,1,1,0,0
0,0,1,0,0
0,1,0,0,0
0,1,1,1,0
0,0,1,0,0
0,1,0,0,0
0,1,0,1,0
0,1,0,0,0
0,0,1,0,1
0,1,0,1,0
1,0,1,0,1
1,0,1,0,1
0,0,1,0,0
0,0,1,0,0
0,1,0,0,0
1,0,0,0,0
0,0,1,0,1
1,0,0,0,0
0,1,1,1,0
0,1,1,0,0
0,1,1,1,0
1,0,0,0,0
0,1,1,0,0
0,1,0,0,0
1,0,0,0,0
0,1,0,0,0
0,0,1,0,0
0,0,1,1,0
0,0,1,0,0
1,0,0,0,1
0,1,0,0,0
0,0,1,0,1
1,0,0,0,1
0,0,1,1,0
1,0,0,0,0
0,1,1,1,0
0,0,1,0,0
1,0,0,0,0
0,0,0,0,1
0,0,1,1,0
0,1,0,0,1
0,0,1,0,1
0,1,0,0,0
0,0,1,1,0
0,1,0,0,0
0,0,0,0,1
0,0,1,0,0
0,0,1,0,0
1,0,1,0,0
1,0,0,1,1
0,1,0,0,0
0,1,1,0,0
1,0,1,0,1
0,0,1,0,0
0,0,1,1,0
0,0,0,0,1
0,1,1,0,0
0,0,1,0,1
0,1,1,0,0
0,1,0,0,0
0,1,0,0,0
0,1,0,0,1
1,0,1,0,0
1,1,0,0,1
0,1,1,0,0
0,1,0,1,0
0,1,1,1,0
0,0,1,0,0
0,0,0,0,1
1,0,1,0,1
0,0,1,0,0
0,0,1,1,1
0,1,0,0,0
0,1,1,0,0
1,0,0,0,1
0,0,1,0,0
0,1,0,0,0
0,1,0,1,0
0,0,1,0,0
0,0,1,1,0
0,0,1,1,0
0,0,0,1,0
0,0,1,0,0
0,1,1,0,0
0,0,0,0,1
0,0,1,0,1
0,0,1,0,0
1,0,0,0,0
1,0,0,0,1
0,0,1,0,0
0,0,1,1,0
1,1,0,0,0
0,0,1,0,0
1,0,0,0,0
0,0,1,0,0
1,0,0,0,1
0,1,0,0,0
0,1,1,0,0
0,1,1,1,0
0,0,1,0,1
0,1,0,0,0
0,1,0,1,0
1,1,1,0,1
1,0,1,0,1
1,0,1,0,0
1,0,0,0,1
1,1,0,0,0
1,0,0,0,0
0,0,0,0,1
1,0,0,0,1
0,0,1,0,0
0,0,0,0,1
0,0,1,0,1
1,1,0,0,0
0,0,1,1,0
0,1,0,1,0
0,0,1,0,0
0,1,1,1,0
0,0,1,0,0
0,0,1,0,0
0,1,1,1,0
0,1,0,0,0
1,0,0,0,0
0,0,0,1,0
0,0,1,0,1
0,1,1,0,0
0,1,0,1,0
0,0,1,0,0
0,1,0,0,0
1,0,0,0,1
0,0,1,0,0
0,1,0,0,0
1,0,1,0,0
1,0,0,0,0
0,1,1,1,0
0,1,0,0,0
0,1,1,0,0
0,0,1,1,0
1,0,1,1,0
0,1,0,1,0
0,0,1,0,1
0,0,1,0,0
0,1,1,1,0
0,1,0,0,0
0,1,0,0,0
0,1,0,0,0
0,0,1,0,1
0,1,1,0,0
0,0,1,0,1
1,1,0,0,0
0,1,1,1,0
0,0,1,1,0
0,1,0,1,0
0,0,1,0,0
0,1,0,0,0
1,0,0,0,0
0,0,1,1,0
1,1,0,0,0
0,0,1,0,1
0,1,1,0,0
1,0,0,0,1
1,1,0,0,0
1,1,0,0,0
0,0,1,0,0
0,1,0,0,0
0,0,1,1,0
0,1,1,1,0
1,0,0,0,0
0,0,0,0,1
0,1,0,0,0
0,0,1,0,0
1,0,0,0,0
1,0,0,0,1
1,0,1,0,0
0,1,1,0,0
0,1,1,0,0
0,1,1,0,0
1,0,1,0,0
0,0,0,0,1
0,0,1,0,1
1,0,0,0,1
1,0,0,0,0
0,0,1,0,1
0,0,1,0,0
0,0,1,0,0
0,1,1,0,0
0,0,1,0,1
1,0,0,0,1
0,0,0,0,1
0,0,0,1,0
0,1,0,0,0
0,1,0,0,0
1,0,0,0,0
0,1,0,0,0
1,0,0,0,0
0,1,0,1,0
0,1,1,0,0
0,0,1,1,0
0,0,1,0,1
0,0,0,0,1
0,0,0,0,1
0,0,1,1,0
0,0,1,1,0
0,1,1,1,0
1,0,1,0,0
0,1,0,0,0
0,1,1,1,0
0,1,1,1,0
0,0,1,0,0
0,0,1,0,1
0,0,1,0,0
0,1,0,0,0
0,1,0,0,0
1,0,0,0,0
0,1,1,1,0
0,1,0,0,0
0,0,1,0,1
1,0,1,0,1
1,0,1,0,0
0,1,0,0,0
0,1,0,0,0
1,0,0,0,1
0,1,0,0,0
0,0,0,0,1
0,0,0,0,1
0,1,1,0,0
0,1,0,0,0
0,1,1,0,0
0,1,0,1,0
0,1,0,0,0
0,1,0,1,0
1,0,0,0,1
1,1,0,0,0
1,0,1,0,0
0,1,0,0,0
0,0,1,0,0
0,0,1,0,0
1,0,0,0,0
0,1,0,1,0
1,0,1,0,0
0,1,0,1,0
0,1,0,1,0
1,0,1,0,1
0,0,0,0,1
0,1,1,1,0
0,0,1,0,1
0,0,1,0,1
0,1,0,0,0
1,0,1,1,0
1,0,0,0,1
0,0,0,1,0
0,1,0,0,0
0,0,1,1,0
0,1,1,1,0
0,0,1,0,0
0,1,0,1,0
0,0,1,0,0
1,0,1,0,1
0,1,0,0,0
0,0,1,0,0
1,0,1,0,0
1,0,1,0,1
1,1,0,0,0
1,0,1,0,1
0,1,1,0,0
0,0,1,0,0
1,0,0,0,0
0,1,0,0,0
0,0,1,0,0
1,1,0,0,0
1,0,1,1,0
1,0,1,0,0
1,0,0,0,1
0,0,1,0,0
0,0,1,0,0
0,0,0,1,0
0,0,1,0,1
1,0,1,0,0
1,1,0,0,0
0,1,0,1,0
1,0,0,0,1
1,1,0,0,0
1,0,0,0,1
1,0,1,1,0
0,0,0,0,1
0,0,0,0,1
0,1,1,0,0
0,0,1,1,0
1,0,0,0,1
0,1,1,1,0
1,0,0,0,0
0,1,1,0,0
0,0,0,0,1
1,0,0,0,1
0,0,0,0,1
0,1,0,0,0
1,1,0,0,0
0,0,1,0,0
0,0,0,0,1
0,1,1,0,0
0,1,0,0,0
1,0,0,0,1
0,1,1,1,0
1,0,0,0,1
0,1,1,0,0
0,0,1,0,1
1,0,0,0,1
0,0,1,0,0
0,0,0,0,1
0,1,1,1,0
0,1,1,1,0
1,0,1,0,0
0,0,1,1,1
0,1,0,0,0
1,0,0,0,1
0,0,1,0,1
0,1,1,0,0
0,1,0,0,0
0,1,0,1,0
0,0,1,0,0
0,0,1,0,0
0,1,0,0,0
0,0,0,0,1
1,1,0,0,1
1,0,1,0,0
0,1,0,0,0
1,0,1,0,0
1,0,1,0,0
1,0,0,0,0
0,1,0,0,0
0,0,1,0,0
0,0,1,1,0
0,0,1,0,0
0,0,1,0,0
0,1,1,0,0
0,0,1,1,0
0,0,1,1,0
0,0,0,0,1
0,1,1,0,0
1,1,0,0,0
0,1,0,0,0
1,0,1,0,0
1,0,1,0,0
0,1,1,1,0
0,0,0,0,1
0,0,1,0,0
0,0,1,0,0
0,0,1,0,0
0,0,1,0,0
1,0,0,0,0
0,0,1,1,0
0,0,1,0,0
0,1,0,1,0
0,1,1,0,0
0,0,1,0,0
0,0,1,0,1
0,0,1,0,1
0,0,1,0,0
0,0,0,1,1
0,0,1,1,0
0,1,0,0,0
0,0,1,0,1
0,1,1,1,0
0,1,1,0,0
1,0,1,0,1
1,0,1,0,1
0,1,0,1,0
1,0,0,0,1
1,0,0,0,1
1,0,1,0,1
0,0,1,0,0
0,1,0,0,0
0,0,1,0,0
0,1,0,0,0
0,1,1,0,0
1,1,0,0,0
0,0,1,0,1
0,0,1,0,0
0,0,1,1,0
0,0,1,0,0
0,0,1,0,0
0,0,1,0,0
0,1,0,0,0
0,1,0,0,0
1,1,0,0,0
0,0,1,0,0
0,1,0,1,0
0,1,0,0,0
0,1,0,0,0
0,1,0,0,0
0,0,1,0,1
0,1,1,1,0
1,1,0,0,0
1,1,0,0,0
0,1,0,1,0
0,0,1,1,0
0,0,1,0,0
0,1,0,1,0
0,1,0,0,0
0,0,1,1,0
0,1,1,1,0
0,0,1,0,0
0,1,0,0,0
0,1,1,1,0
1,0,1,0,0
0,1,0,1,0
0,1,1,0,0
0,0,0,0,1
1,0,0,0,1
0,1,0,0,0
1,0,1,0,1
0,0,1,0,0
0,0,0,0,1
1,0,0,0,0
1,0,0,0,1
1,0,1,0,0
1,0,0,0,1
1,1,1,0,1
0,0,1,1,0
1,0,1,0,0
0,0,1,0,0
0,0,1,0,0
1,1,0,1,0
1,0,0,0,0
1,0,0,0,1
0,1,0,0,0
0,0,1,0,1
0,0,0,0,1
1,0,0,0,0
1,0,0,0,1
0,0,1,1,0
0,1,0,0,0
0,0,1,0,1
0,0,1,0,1
0,1,0,0,0
0,1,0,0,0
0,0,1,0,0
0,0,1,0,0
0,1,0,0,0
0,0,1,0,0
1,0,0,0,1
1,1,0,0,1
0,0,1,0,1
0,0,1,0,0
0,1,1,0,0
0,0,1,0,0
0,0,1,1,0
0,1,0,0,0
1,0,1,0,1
1,0,1,0,0
0,0,0,0,1
0,1,0,0,0
0,0,1,0,0
0,0,1,1,0
0,0,1,0,0
1,0,1,0,1
0,1,1,0,0
0,0,0,0,1
0,1,0,0,0
0,1,0,0,0
1,0,0,0,1
0,1,0,0,0
0,1,1,0,0
0,1,0,0,0
0,0,1,1,0
0,1,1,0,0
1,0,0,0,0
0,1,0,0,1
0,1,0,0,0
0,1,1,1,0
1,0,1,0,1
0,1,0,1,0
0,1,1,1,0
0,1,1,1,0
0,0,1,1,0
0,0,1,1,0
0,1,1,0,0
0,1,0,0,0
1,0,1,0,1
0,0,1,0,0
1,1,0,0,1
1,0,0,0,0
0,0,1,0,0
1,0,0,0,1
0,1,0,1,0
0,0,1,0,0
1,0,1,0,0
0,0,1,0,0
1,0,1,0,1
1,1,0,0,1
1,0,0,0,1
0,0,0,0,1
0,1,0,0,0
0,0,1,1,1
0,1,0,0,0
0,0,0,0,1
1,0,0,0,0
1,1,0,0,0
0,1,0,0,0
1,0,0,0,1
0,1,0,1,0
1,0,0,0,1
0,1,0,0,0
0,0,0,0,1
1,0,1,0,1
0,1,1,0,0
0,1,0,0,0
1,0,0,0,1
0,0,1,0,0
1,0,1,0,0
0,0,1,0,1
0,1,0,0,0
0,1,1,0,0
1,0,1,0,0
0,1,1,0,1
0,0,1,0,0
0,1,1,1,0
1,0,0,0,0
0,1,1,1,0
0,0,1,1,0
0,0,1,0,1
0,1,0,0,0
0,1,0,0,0
0,1,0,0,0
1,0,1,0,0
1,1,0,0,1
0,1,0,0,0
0,0,1,0,0
0,0,1,0,0
0,1,0,1,0
1,0,0,1,1
0,0,1,0,0
1,0,0,0,0
0,1,1,0,0
0,1,0,1,0
0,0,1,0,1
0,0,1,0,1
0,1,0,1,0
0,1,0,1,0
1,0,1,1,0
1,1,1,0,0
1,0,0,1,1
0,1,0,0,0
0,0,1,1,0
0,1,1,1,0
0,0,1,0,0
0,0,1,0,0
0,0,1,0,0
1,0,1,0,1
0,0,1,0,1
0,0,1,0,0
0,0,1,0,0
0,0,0,0,1
1,0,0,0,0
0,0,1,0,0
0,1,0,0,0
0,1,0,0,0
0,0,1,0,0
0,1,0,0,0
0,0,1,0,1
0,0,1,0,0
0,0,1,0,0
0,1,0,1,0
0,0,1,0,0
0,1,0,0,0
0,0,1,0,1
0,0,1,0,1
0,1,0,0,0
1,0,0,0,0
0,0,0,0,1
1,0,1,0,0
0,1,0,0,0
1,0,0,0,0
0,1,0,1,0
0,1,0,0,0
0,0,1,1,0
1,1,0,0,0
0,1,0,0,0
0,1,1,0,0
1,1,0,0,0
1,1,0,0,0
1,0,1,0,0
0,0,1,0,1
0,0,1,0,0
0,1,0,0,0
0,1,0,0,0
0,1,1,1,0
0,1,1,0,0
0,1,0,0,0
1,0,0,0,1
0,0,1,0,1
0,0,1,0,0
0,0,1,0,0
0,0,1,1,0
0,0,1,0,0
0,1,1,0,0
1,1,0,0,0
1,0,0,0,0
0,0,1,0,0
0,0,1,0,0
0,0,1,0,1
0,0,1,0,0
1,0,0,0,1
0,0,1,0,1
0,1,0,0,0
0,1,1,1,0
1,0,0,0,0
1,0,0,0,1
1,0,0,0,0
1,0,0,0,0
0,1,0,0,0
0,1,0,0,1
1,0,0,0,0
0,0,0,0,1
1,0,1,0,0
0,1,0,0,0
0,0,1,1,0
0,1,0,1,0
0,0,1,0,0
0,1,1,0,0
1,0,1,0,1
0,1,0,0,0
0,0,1,0,0
0,1,1,1,0
0,0,0,0,1
1,0,0,0,0
0,1,0,0,0
0,1,1,0,0
0,1,0,1,0
0,0,1,1,0
1,0,1,1,0
1,1,1,0,0
1,0,0,0,1
0,0,1,0,1
1,0,0,0,1
0,1,0,0,0
1,1,0,0,1
0,1,1,0,0
0,1,1,1,0
1,0,1,0,0
0,1,0,0,0
0,0,1,0,1
1,1,0,0,0
1,0,1,1,0
0,1,0,0,0
0,0,1,0,0
1,0,1,0,0
0,0,1,0,0
1,0,1,0,1
1,1,0,0,0
0,0,1,1,0
1,1,0,0,0
0,1,0,0,0
0,0,1,1,0
0,1,1,0,0
0,1,0,0,0
0,0,0,0,1
0,0,1,1,0
0,0,1,0,1
0,0,1,0,0
0,1,0,1,0
0,0,1,0,1
1,0,0,0,0
1,0,1,0,1
0,0,1,0,1
0,0,0,0,1
0,0,1,1,0
0,1,0,0,0
0,0,1,0,0
0,1,1,0,0
1,0,1,0,0
1,0,0,0,0
0,1,1,1,0
0,1,0,0,0
0,0,1,1,0
